,Unnamed: 0,name,domain,logo_url,homepage_url
0,0,'Ascension Orthopedics',ascensionortho.com',,'http://www.ascensionortho.com'
1,1,'GE Healthcare','gehealthcare.com',http://s3.amazonaws.com/crunchbase_prod_assets/assets/images/resized/0010/7238/107238v1-max-250x250.png','http://www.gehealthcare.com'
2,2,'Epixis','epixis.com',http://s3.amazonaws.com/crunchbase_prod_assets/assets/images/resized/0015/4435/154435v1-max-250x250.png','http://www.epixis.com'
3,3,'Sonosite','sonosite.com','http://s3.amazonaws.com/crunchbase_prod_assets/assets/images/resized/0006/9027/69027v1-max-250x250.jpg','http://www.sonosite.com'
4,4,'Allegro Technologies',,,
5,5,'Atrium Medical','atriummed.com','http://s3.amazonaws.com/crunchbase_prod_assets/assets/images/resized/0015/6644/156644v3-max-250x250.jpg','http://www.atriummed.com'
6,6,'Symyx','symyx.com','http://s3.amazonaws.com/crunchbase_prod_assets/assets/images/resized/0005/0513/50513v1-max-250x250.png','http://www.symyx.com'
7,7,'MDS Analytical Technologies','moleculardevices.com','http://s3.amazonaws.com/crunchbase_prod_assets/assets/images/resized/0006/2911/62911v2-max-250x250.png','http://www.moleculardevices.com'
8,8,'Avantra Biosciences','avantrabio.com','http://s3.amazonaws.com/crunchbase_prod_assets/assets/images/resized/0015/7422/157422v1-max-250x250.jpg','http://www.avantrabio.com'
9,9,'Azelon Pharmaceuticals','azelon.com','http://s3.amazonaws.com/crunchbase_prod_assets/assets/images/resized/0015/7735/157735v1-max-250x250.png','http://www.azelon.com'
10,10,'EKR Therapeutics','ekrtx.com','http://s3.amazonaws.com/crunchbase_prod_assets/assets/images/resized/0015/8226/158226v1-max-250x250.png','http://www.ekrtx.com'
11,11,'Adolor',adolor.com','http://s3.amazonaws.com/crunchbase_prod_assets/assets/images/resized/0015/9436/159436v1-max-250x250.png','http://www.adolor.com'
12,12,'DuoCort Pharma','duocort.com','http://s3.amazonaws.com/crunchbase_prod_assets/assets/images/resized/0015/9863/159863v1-max-250x250.png','http://www.duocort.com'
13,13,'Rempex Pharmaceuticals','rempexpharma.com','http://s3.amazonaws.com/crunchbase_prod_assets/assets/images/resized/0016/1699/161699v1-max-250x250.png','http://www.rempexpharma.com'
14,14,'Oceana Therapeutics','oceanathera.com','http://s3.amazonaws.com/crunchbase_prod_assets/assets/images/resized/0016/1884/161884v1-max-250x250.jpg','http://www.oceanathera.com'
15,15,'Cardiokine','cardiokine.com','http://s3.amazonaws.com/crunchbase_prod_assets/assets/images/resized/0016/8879/168879v1-max-250x250.png','http://www.cardiokine.com'
16,16,'Syndexa Pharmaceuticals','syndexa.com','http://s3.amazonaws.com/crunchbase_prod_assets/assets/images/resized/0016/9050/169050v1-max-250x250.png','http://www.syndexa.com'
17,17,'Medicinal Genomics','medicinalgenomics.com','http://s3.amazonaws.com/crunchbase_prod_assets/assets/images/resized/0017/0811/170811v1-max-250x250.png','http://www.medicinalgenomics.com'
18,18,'Navilyst Medical','navilystmedical.com','http://s3.amazonaws.com/crunchbase_prod_assets/assets/images/resized/0017/2438/172438v1-max-250x250.jpg','http://www.navilystmedical.com'
19,19,'peerVue','peervue.com','http://s3.amazonaws.com/crunchbase_prod_assets/assets/images/resized/0017/3548/173548v1-max-250x250.png','http://peervue.com'
20,20,'Ceptaris Therapeutics','ceptaris.com','http://s3.amazonaws.com/crunchbase_prod_assets/assets/images/resized/0017/5338/175338v1-max-250x250.png','http://www.ceptaris.com'
21,21,'DMS Health Technologies','dmshealthtechnologies.com','http://s3.amazonaws.com/crunchbase_prod_assets/assets/images/resized/0017/7028/177028v1-max-250x250.jpg','http://www.dmshealthtechnologies.com'
22,22,'Aponia Laboratories','aponialaboratories.com',,'http://aponialaboratories.com'
23,23,'Xcellerex','xcellerex.com','http://s3.amazonaws.com/crunchbase_prod_assets/assets/images/resized/0017/7525/177525v1-max-250x250.jpg','http://xcellerex.com'
24,24,'Epitomics','epitomics.com','http://s3.amazonaws.com/crunchbase_prod_assets/assets/images/resized/0024/6875/246875v1-max-250x250.png','http://epitomics.com'
25,25,'Concordia Medical','concordiamedical.com','http://s3.amazonaws.com/crunchbase_prod_assets/assets/images/resized/0012/6430/126430v1-max-250x250.png','http://www.concordiamedical.com'
26,26,'Oridion','oridion.com','http://s3.amazonaws.com/crunchbase_prod_assets/assets/images/resized/0018/3067/183067v1-max-250x250.jpg','http://www.oridion.com'
27,27,'Hemerus Medical','hemerus.com','http://s3.amazonaws.com/crunchbase_prod_assets/assets/images/resized/0018/7352/187352v1-max-250x250.png','http://www.hemerus.com'
28,28,'Triax Pharmaceuticals','triaxpharma.com','http://s3.amazonaws.com/crunchbase_prod_assets/assets/images/resized/0018/7495/187495v1-max-250x250.jpg','http://www.triaxpharma.com'
29,29,'Envoy Therapeutics','envoytherapeutics.com','http://s3.amazonaws.com/crunchbase_prod_assets/assets/images/resized/0018/8537/188537v1-max-250x250.jpg','http://www.envoytherapeutics.com'
30,30,'Maya Medical','maya-medical.com','http://s3.amazonaws.com/crunchbase_prod_assets/assets/images/resized/0018/8777/188777v1-max-250x250.jpg','http://maya-medical.com'
31,31,'Symphony Vida','symphonyvida.com','http://s3.amazonaws.com/crunchbase_prod_assets/assets/images/resized/0006/3118/63118v1-max-250x250.jpg','http://symphonyvida.com'
32,32,'Polaris BioPharma Consulting','polarisbpc.com','http://s3.amazonaws.com/crunchbase_prod_assets/assets/images/resized/0019/6541/196541v1-max-250x250.jpg','http://www.polarisbpc.com'
33,33,'Mercury Pharma Group','mercurypharma.com','http://s3.amazonaws.com/crunchbase_prod_assets/assets/images/resized/0020/6711/206711v1-max-250x250.png','http://www.mercurypharma.com'
34,34,'Accugenix','accugenix.com','http://s3.amazonaws.com/crunchbase_prod_assets/assets/images/resized/0020/8823/208823v1-max-250x250.png','http://www.accugenix.com'
35,35,'Eclipse Therapeutics','eclipsetherapeutics.com','http://s3.amazonaws.com/crunchbase_prod_assets/assets/images/resized/0021/1769/211769v1-max-250x250.png','http://www.eclipsetherapeutics.com'
36,36,'BioFire Diagnostics','biofiredx.com','http://s3.amazonaws.com/crunchbase_prod_assets/assets/images/resized/0021/1974/211974v1-max-250x250.jpg','http://www.biofiredx.com'
37,37,'CNS Therapeutics','cnstherapeutics.com','http://s3.amazonaws.com/crunchbase_prod_assets/assets/images/resized/0021/2926/212926v1-max-250x250.jpg','http://cnstherapeutics.com'
38,38,'Sirigen','sirigen.com','http://s3.amazonaws.com/crunchbase_prod_assets/assets/images/resized/0011/0191/110191v1-max-250x250.png','http://www.sirigen.com'
39,39,'AbD Serotec','abdserotec.com','http://s3.amazonaws.com/crunchbase_prod_assets/assets/images/resized/0021/6141/216141v2-max-250x250.jpg','http://www.abdserotec.com'
40,40,'SPSmedical','spsmedical.com','http://s3.amazonaws.com/crunchbase_prod_assets/assets/images/resized/0021/8567/218567v1-max-250x250.jpg','http://www.spsmedical.com'
41,41,'CellGate','cellgate.com','http://s3.amazonaws.com/crunchbase_prod_assets/assets/images/resized/0011/0286/110286v1-max-250x250.jpg','http://www.cellgate.com'
42,42,'DUSA Pharmaceuticals','dusapharma.com','http://s3.amazonaws.com/crunchbase_prod_assets/assets/images/resized/0021/9536/219536v1-max-250x250.jpg','http://www.dusapharma.com'
43,43,'Zacharon Pharmaceuticals','zacharon.com','http://s3.amazonaws.com/crunchbase_prod_assets/assets/images/resized/0022/8810/228810v1-max-250x250.jpg','http://www.zacharon.com'
44,44,'Cytochroma','cytochroma.com','http://s3.amazonaws.com/crunchbase_prod_assets/assets/images/resized/0022/9040/229040v1-max-250x250.jpg','http://www.cytochroma.com'
45,45,'Uteron Pharma','odyssea-pharma.be','http://s3.amazonaws.com/crunchbase_prod_assets/assets/images/resized/0023/1415/231415v1-max-250x250.jpg','http://www.odyssea-pharma.be'
46,46,'Eyevensys','eyevensys.com','http://s3.amazonaws.com/crunchbase_prod_assets/assets/images/resized/0024/6830/246830v1-max-250x250.png','http://www.eyevensys.com'
47,47,'Velcera','velcera.com','http://s3.amazonaws.com/crunchbase_prod_assets/assets/images/resized/0024/9050/249050v1-max-250x250.jpg','http://velcera.com'
48,48,'BioVex','biovex.com','http://s3.amazonaws.com/crunchbase_prod_assets/assets/images/resized/0004/9487/49487v2-max-250x250.jpg','http://www.biovex.com'
49,49,'Santarus','santarus.com','http://s3.amazonaws.com/crunchbase_prod_assets/assets/images/resized/0035/4974/354974v1-max-250x250.png','http://santarus.com'
50,50,'Heartscape','primeecg.uk.com','http://s3.amazonaws.com/crunchbase_prod_assets/assets/images/resized/0004/1374/41374v1-max-250x250.png','http://www.primeecg.uk.com'
51,51,'PROLOR Biotech','prolor-biotech.com','http://s3.amazonaws.com/crunchbase_prod_assets/assets/images/resized/0025/5161/255161v1-max-250x250.jpg','http://www.prolor-biotech.com'
52,52,'Claros Diagnostics','clarosdx.com','http://s3.amazonaws.com/crunchbase_prod_assets/assets/images/resized/0003/8953/38953v1-max-250x250.png','http://www.clarosdx.com'
53,53,'Ardian','ardian.com','http://s3.amazonaws.com/crunchbase_prod_assets/assets/images/resized/0007/6902/76902v2-max-250x250.png','http://www.ardian.com'
54,54,'Biophytis','biophytis.com','http://s3.amazonaws.com/crunchbase_prod_assets/assets/images/resized/0025/9144/259144v1-max-250x250.jpg','http://www.biophytis.com'
55,55,'AndersonBrecon','andersonbrecon.com','http://s3.amazonaws.com/crunchbase_prod_assets/assets/images/resized/0026/2380/262380v1-max-250x250.jpg','http://andersonbrecon.com'
56,56,'Medical Metrx Solutions','medicalmetrix.com','http://s3.amazonaws.com/crunchbase_prod_assets/assets/images/resized/0026/2791/262791v1-max-250x250.png','http://medicalmetrix.com'
57,57,'Trius Therapeutics','triusrx.com','http://s3.amazonaws.com/crunchbase_prod_assets/assets/images/resized/0029/9182/299182v1-max-250x250.png','http://triusrx.com'
58,58,'Aerovance','aerovance.com','http://s3.amazonaws.com/crunchbase_prod_assets/assets/images/resized/0004/0827/40827v1-max-250x250.png','http://www.aerovance.com'
59,59,'Actagene Oncology',,,
60,60,'American HealthTech','healthtech.net','http://s3.amazonaws.com/crunchbase_prod_assets/assets/images/resized/0026/5239/265239v1-max-250x250.png','http://healthtech.net'
61,61,'Xellia Pharmaceuticals','xellia.com','http://s3.amazonaws.com/crunchbase_prod_assets/assets/images/resized/0026/5292/265292v1-max-250x250.png','http://xellia.com'
62,62,'KeyNeurotek Pharmaceuticals','keyneurotek.de','http://s3.amazonaws.com/crunchbase_prod_assets/assets/images/resized/0004/1039/41039v1-max-250x250.png','http://www.keyneurotek.de'
63,63,'Traversa Therapeutics','traversathera.com','http://s3.amazonaws.com/crunchbase_prod_assets/assets/images/resized/0005/0614/50614v1-max-250x250.jpg','http://www.traversathera.com'
64,64,'Pathway Medical Technologies','pathwaymedical.com','http://s3.amazonaws.com/crunchbase_prod_assets/assets/images/resized/0004/1072/41072v1-max-250x250.png','http://www.pathwaymedical.com'
65,65,'LensX Lasers','lensxlasers.com','http://s3.amazonaws.com/crunchbase_prod_assets/assets/images/resized/0004/1073/41073v1-max-250x250.png','http://www.lensxlasers.com'
66,66,'iZumi Bio','izumibio.com','http://s3.amazonaws.com/crunchbase_prod_assets/assets/images/resized/0004/1142/41142v1-max-250x250.png','http://www.izumibio.com'
67,67,'Crux Biomedical','cruxbiomedical.com','http://s3.amazonaws.com/crunchbase_prod_assets/assets/images/resized/0004/1896/41896v2-max-250x250.jpg','http://www.cruxbiomedical.com'
68,68,'Spirogen','spirogen.com','http://s3.amazonaws.com/crunchbase_prod_assets/assets/images/resized/0034/2336/342336v1-max-250x250.png','http://spirogen.com'
69,69,'BiPar Sciences','biparsciences.com','http://s3.amazonaws.com/crunchbase_prod_assets/assets/images/resized/0004/2189/42189v1-max-250x250.png','http://www.biparsciences.com'
70,70,'Neurelis',,,
71,71,'Eon Surgical','eon-surgical.com','http://s3.amazonaws.com/crunchbase_prod_assets/assets/images/resized/0027/2705/272705v1-max-250x250.png','http://eon-surgical.com'
72,72,'Royal Health Care','royalhc.com','http://s3.amazonaws.com/crunchbase_prod_assets/assets/images/resized/0027/4190/274190v1-max-250x250.png','http://royalhc.com'
73,73,'Genesis Biopharma','genesis-biopharma.com','http://s3.amazonaws.com/crunchbase_prod_assets/assets/images/resized/0027/5180/275180v1-max-250x250.png','http://www.genesis-biopharma.com'
74,74,'Synosia Therapeutics','synosia.com','http://s3.amazonaws.com/crunchbase_prod_assets/assets/images/resized/0004/3264/43264v1-max-250x250.png','http://www.synosia.com'
75,75,'Fera Pharmaceuticals','ferapharma.com','http://s3.amazonaws.com/crunchbase_prod_assets/assets/images/resized/0027/6512/276512v1-max-250x250.jpg','http://ferapharma.com'
76,76,'Elan Corporation','elan.com','http://s3.amazonaws.com/crunchbase_prod_assets/assets/images/resized/0029/7884/297884v1-max-250x250.jpg','http://elan.com'
77,77,'Bionostics','bionostics.com','http://s3.amazonaws.com/crunchbase_prod_assets/assets/images/resized/0027/7087/277087v1-max-250x250.png','http://bionostics.com'
78,78,'MARIPOSA BIOTECHNOLOGY','mariposabiotech.com',,'http://mariposabiotech.com'
79,79,'Starion Instruments','starioninstruments.com','http://s3.amazonaws.com/crunchbase_prod_assets/assets/images/resized/0004/3884/43884v1-max-250x250.jpg','http://www.starioninstruments.com'
80,80,'Puget Energy','pugetenergy.com','http://s3.amazonaws.com/crunchbase_prod_assets/assets/images/resized/0004/4166/44166v2-max-250x250.png','http://www.pugetenergy.com'
81,81,'GeoDigm','dentalemodels.com','http://s3.amazonaws.com/crunchbase_prod_assets/assets/images/resized/0004/4176/44176v1-max-250x250.jpg','http://www.dentalemodels.com'
82,82,'CORPAK MedSystems','corpakmedsystems.com','http://s3.amazonaws.com/crunchbase_prod_assets/assets/images/resized/0004/4180/44180v1-max-250x250.png','http://www.corpakmedsystems.com'
83,83,'Aldexa Therapeutics','neuronsystemsinc.com',,'http://www.neuronsystemsinc.com'
84,84,'Waterstone Pharmaceuticals','waterstonepharma.com','http://s3.amazonaws.com/crunchbase_prod_assets/assets/images/resized/0028/3020/283020v1-max-250x250.png','http://waterstonepharma.com'
85,85,'ENTrigue Surgical','entriguesurgical.com','http://s3.amazonaws.com/crunchbase_prod_assets/assets/images/resized/0028/3431/283431v1-max-250x250.png','http://entriguesurgical.com'
86,86,'Thallion Pharmaceuticals','thallion.com','http://s3.amazonaws.com/crunchbase_prod_assets/assets/images/resized/0028/4005/284005v1-max-250x250.png','http://thallion.com'
87,87,'CML HealthCare','cmlhealthcare.com','http://s3.amazonaws.com/crunchbase_prod_assets/assets/images/resized/0028/4036/284036v1-max-250x250.png','http://cmlhealthcare.com'
88,88,'TrovaGene','trovagene.com','http://s3.amazonaws.com/crunchbase_prod_assets/assets/images/resized/0028/4791/284791v1-max-250x250.png','http://trovagene.com'
89,89,'Bioconnect Systems','bioconnectsystems.com','http://s3.amazonaws.com/crunchbase_prod_assets/assets/images/resized/0028/4870/284870v1-max-250x250.jpg','http://bioconnectsystems.com'
90,90,'Therosteon','therosteon.com','http://s3.amazonaws.com/crunchbase_prod_assets/assets/images/resized/0004/5484/45484v1-max-250x250.jpg','http://www.therosteon.com'
91,91,'DermaGen','dermagen.se','http://s3.amazonaws.com/crunchbase_prod_assets/assets/images/resized/0004/5490/45490v1-max-250x250.jpg','http://www.dermagen.se'
92,92,'Pipeline Biomedical Holdings','pipelinebiomed.com','http://s3.amazonaws.com/crunchbase_prod_assets/assets/images/resized/0028/6756/286756v1-max-250x250.png','http://www.pipelinebiomed.com'
93,93,'MakuCell','makucellinc.com',,'http://www.makucellinc.com'
94,94,'TALON THERAPEUTICS','talontx.com','http://s3.amazonaws.com/crunchbase_prod_assets/assets/images/resized/0029/0934/290934v1-max-250x250.png','http://talontx.com'
95,95,'Medafor','medafor.com','http://s3.amazonaws.com/crunchbase_prod_assets/assets/images/resized/0029/2578/292578v1-max-250x250.png','http://medafor.com'
96,96,'Rosetta Biosoftware','rosettabio.com','http://s3.amazonaws.com/crunchbase_prod_assets/assets/images/resized/0004/6359/46359v1-max-250x250.png','http://www.rosettabio.com'
97,97,'Inimex Pharmaceuticals','inimexpharma.com','http://s3.amazonaws.com/crunchbase_prod_assets/assets/images/resized/0004/6632/46632v1-max-250x250.jpg','http://www.inimexpharma.com'
98,98,'Aldagen','aldagen.com','http://s3.amazonaws.com/crunchbase_prod_assets/assets/images/resized/0004/6868/46868v1-max-250x250.png','http://www.aldagen.com'
99,99,'GenVault','genvault.com','http://s3.amazonaws.com/crunchbase_prod_assets/assets/images/resized/0004/6879/46879v1-max-250x250.png','http://www.genvault.com'
100,100,'Opalia Pharma','opaliapharma.com.tn','http://s3.amazonaws.com/crunchbase_prod_assets/assets/images/resized/0029/6631/296631v1-max-250x250.png','http://www.opaliapharma.com.tn'
101,101,'Actimis Pharmaceuticals','actimis.com','http://s3.amazonaws.com/crunchbase_prod_assets/assets/images/resized/0004/7125/47125v1-max-250x250.jpg','http://www.actimis.com'
102,102,'Apieron','apieron.com','http://s3.amazonaws.com/crunchbase_prod_assets/assets/images/resized/0004/8969/48969v1-max-250x250.png','http://www.apieron.com'
103,103,'Anaphore','anaphoreinc.com','http://s3.amazonaws.com/crunchbase_prod_assets/assets/images/resized/0004/7312/47312v2-max-250x250.png','http://www.anaphoreinc.com'
104,104,'Restat','restat.com','http://s3.amazonaws.com/crunchbase_prod_assets/assets/images/resized/0030/0566/300566v1-max-250x250.png','http://www.restat.com'
105,105,'J&J Solutions','jjsolutionsinc.com','http://s3.amazonaws.com/crunchbase_prod_assets/assets/images/resized/0030/1779/301779v1-max-250x250.png','http://jjsolutionsinc.com'
106,106,'Ovation Pharmaceuticals','ovationpharma.com','http://s3.amazonaws.com/crunchbase_prod_assets/assets/images/resized/0014/7546/147546v1-max-250x250.png','http://www.ovationpharma.com'
107,107,'UPC Solar',,,
108,108,'Unomedical Woundcare and Ophthalmic Business',,,
109,109,'Applied Cell Sciences','appliedcellsci.com','http://s3.amazonaws.com/crunchbase_prod_assets/assets/images/resized/0006/4462/64462v1-max-250x250.jpg','http://www.appliedcellsci.com'
110,110,'Guava Technologies','guavatechnologies.com',,'http://www.guavatechnologies.com'
111,111,'Biofisica','biofisica.com','http://s3.amazonaws.com/crunchbase_prod_assets/assets/images/resized/0004/8136/48136v1-max-250x250.png','http://www.biofisica.com'
112,112,'Alpine Biomed','alpinebiomed.com','http://s3.amazonaws.com/crunchbase_prod_assets/assets/images/resized/0004/8357/48357v1-max-250x250.png','http://www.alpinebiomed.com'
113,113,'Stellate Systems','stellate.com','http://s3.amazonaws.com/crunchbase_prod_assets/assets/images/resized/0007/2149/72149v1-max-250x250.png','http://www.stellate.com'
114,114,'Innovative Spinal Technologies','istspine.com',,'http://www.istspine.com'
115,115,'S*Bio','sbio.com','http://s3.amazonaws.com/crunchbase_prod_assets/assets/images/resized/0004/8400/48400v1-max-250x250.png','http://www.sbio.com'
116,116,'Limerick BioPharma','limerickbio.com','http://s3.amazonaws.com/crunchbase_prod_assets/assets/images/resized/0004/8497/48497v1-max-250x250.png','http://www.limerickbio.com'
117,117,'Avid Radiopharmaceuticals','avidrp.com','http://s3.amazonaws.com/crunchbase_prod_assets/assets/images/resized/0004/8595/48595v2-max-250x250.png','http://www.avidrp.com'
118,118,'Axsys','axsys.com','http://s3.amazonaws.com/crunchbase_prod_assets/assets/images/resized/0014/8898/148898v1-max-250x250.png','http://www.axsys.com'
119,119,'Anadys','anadyspharma.com','http://s3.amazonaws.com/crunchbase_prod_assets/assets/images/resized/0004/8949/48949v1-max-250x250.png','http://www.anadyspharma.com'
120,120,'Semprus BioSciences','semprusbio.com','http://s3.amazonaws.com/crunchbase_prod_assets/assets/images/resized/0004/9007/49007v1-max-250x250.jpg','http://www.semprusbio.com'
121,121,'Sadra Medical','sadramedical.com','http://s3.amazonaws.com/crunchbase_prod_assets/assets/images/resized/0004/9189/49189v1-max-250x250.png','http://www.sadramedical.com'
122,122,'Aragon Pharmaceuticals','aragonpharmaceuticals.com','http://s3.amazonaws.com/crunchbase_prod_assets/assets/images/resized/0004/9225/49225v2-max-250x250.jpg','http://www.aragonpharmaceuticals.com'
123,123,'Biosystems International','biosys-intl.com','http://s3.amazonaws.com/crunchbase_prod_assets/assets/images/resized/0004/9297/49297v1-max-250x250.jpg','http://www.biosys-intl.com'
124,124,'LigoCyte Pharmaceuticals','ligocyte.com','http://s3.amazonaws.com/crunchbase_prod_assets/assets/images/resized/0004/9543/49543v1-max-250x250.png','http://www.ligocyte.com'
125,125,'Divergence','divergence.com','http://s3.amazonaws.com/crunchbase_prod_assets/assets/images/resized/0004/9707/49707v1-max-250x250.png','http://www.divergence.com'
126,126,'Primaeva Medical','primaevamedical.com','http://s3.amazonaws.com/crunchbase_prod_assets/assets/images/resized/0004/9840/49840v1-max-250x250.jpg','http://www.primaevamedical.com'
127,127,'Proxeon','proxeon.com','http://s3.amazonaws.com/crunchbase_prod_assets/assets/images/resized/0004/9932/49932v1-max-250x250.png','http://www.proxeon.com'
128,128,'Kylin Therapeutics','kylintherapeutics.com','http://s3.amazonaws.com/crunchbase_prod_assets/assets/images/resized/0004/9954/49954v1-max-250x250.png','http://www.kylintherapeutics.com'
129,129,'Taligen Therapeutics','taligentherapeutics.com','http://s3.amazonaws.com/crunchbase_prod_assets/assets/images/resized/0005/0041/50041v2-max-250x250.jpg','http://www.taligentherapeutics.com'
130,130,'Biolex Therapeutics','biolex.com','http://s3.amazonaws.com/crunchbase_prod_assets/assets/images/resized/0005/0190/50190v1-max-250x250.png','http://www.biolex.com'
131,131,'Union Spring Pharmaceuticals','unionspringspharmaceuticals.com','http://s3.amazonaws.com/crunchbase_prod_assets/assets/images/resized/0006/3271/63271v1-max-250x250.jpg','http://www.unionspringspharmaceuticals.com'
132,132,'Monogram Biosciences','monogrambio.com','http://s3.amazonaws.com/crunchbase_prod_assets/assets/images/resized/0005/8901/58901v1-max-250x250.png','http://www.monogrambio.com'
133,133,'PhotoThera','photothera.com','http://s3.amazonaws.com/crunchbase_prod_assets/assets/images/resized/0005/0393/50393v3-max-250x250.png','http://www.photothera.com'
134,134,'Solus Biosystems','solusbiosystems.com','http://s3.amazonaws.com/crunchbase_prod_assets/assets/images/resized/0005/0446/50446v1-max-250x250.jpg','http://www.solusbiosystems.com'
135,135,'ESBATech','esbatech.com','http://s3.amazonaws.com/crunchbase_prod_assets/assets/images/resized/0005/0466/50466v1-max-250x250.png','http://www.esbatech.com'
136,136,'Visiogen','visiogen.com','http://s3.amazonaws.com/crunchbase_prod_assets/assets/images/resized/0005/0587/50587v1-max-250x250.jpg','http://www.visiogen.com'
137,137,'Intradigm Corporation','intradigm.com','http://s3.amazonaws.com/crunchbase_prod_assets/assets/images/resized/0005/0666/50666v1-max-250x250.png','http://www.intradigm.com'
138,138,'Alnara Pharmaceuticals','alnara.com','http://s3.amazonaws.com/crunchbase_prod_assets/assets/images/resized/0005/0698/50698v1-max-250x250.png','http://www.alnara.com'
139,139,'iPractice Group','ipracticegroup.com',,'http://ipracticegroup.com'
140,140,'Symphony Allegro','symphonyallegro.com','http://s3.amazonaws.com/crunchbase_prod_assets/assets/images/resized/0005/0749/50749v1-max-250x250.png','http://www.symphonyallegro.com'
141,141,'Orthomimetics',,,
142,142,'Athenix','athenixcorp.com','http://s3.amazonaws.com/crunchbase_prod_assets/assets/images/resized/0005/0853/50853v2-max-250x250.jpg','http://www.athenixcorp.com'
143,143,'Pearl Therapeutics','pearltherapeutics.com','http://s3.amazonaws.com/crunchbase_prod_assets/assets/images/resized/0005/0877/50877v2-max-250x250.jpg','http://www.pearltherapeutics.com'
144,144,'Magen BioSciences','magenbiosciences.com','http://s3.amazonaws.com/crunchbase_prod_assets/assets/images/resized/0005/0969/50969v1-max-250x250.jpg','http://www.magenbiosciences.com'
145,145,'AbCRO','abcro.com',,'http://www.abcro.com'
146,146,'Stiefel','stiefel.com','http://s3.amazonaws.com/crunchbase_prod_assets/assets/images/resized/0005/1021/51021v1-max-250x250.png','http://www.stiefel.com'
147,147,'Zymenex','zymenex.com','http://s3.amazonaws.com/crunchbase_prod_assets/assets/images/resized/0031/4524/314524v1-max-250x250.png','http://www.zymenex.com'
148,148,'Hi-Tech Pharmacal','hitechpharm.com','http://s3.amazonaws.com/crunchbase_prod_assets/assets/images/resized/0031/5047/315047v1-max-250x250.jpg','http://hitechpharm.com'
149,149,'Boca Pharmacal','bocapharmacal.com','http://s3.amazonaws.com/crunchbase_prod_assets/assets/images/resized/0031/6094/316094v1-max-250x250.jpg','http://bocapharmacal.com'
150,150,'Medical Communications Group','medcommunications.ca','http://s3.amazonaws.com/crunchbase_prod_assets/assets/images/resized/0031/8490/318490v1-max-250x250.jpg','http://medcommunications.ca'
151,151,'Rochester Medical Corporation','rocm.com','http://s3.amazonaws.com/crunchbase_prod_assets/assets/images/resized/0032/0482/320482v1-max-250x250.jpg','http://rocm.com'
152,152,'ChemSW','chemsw.com','http://s3.amazonaws.com/crunchbase_prod_assets/assets/images/resized/0032/0759/320759v1-max-250x250.jpg','http://chemsw.com'
153,153,'FLOWSENSE','flowsensemedical.com','http://s3.amazonaws.com/crunchbase_prod_assets/assets/images/resized/0032/5881/325881v1-max-250x250.jpg','http://flowsensemedical.com'
154,154,'Molecular Profiles','molprofiles.co.uk','http://s3.amazonaws.com/crunchbase_prod_assets/assets/images/resized/0032/6137/326137v1-max-250x250.jpg','http://molprofiles.co.uk'
155,155,'Calistoga Pharmaceuticals','calistogapharma.com','http://s3.amazonaws.com/crunchbase_prod_assets/assets/images/resized/0005/2159/52159v2-max-250x250.jpg','http://www.calistogapharma.com'
156,156,'OnTrack Diabetes','ontrack.org.au','http://s3.amazonaws.com/crunchbase_prod_assets/assets/images/resized/0033/4385/334385v1-max-250x250.png','http://ontrack.org.au'
157,157,'OptiMedica','optimedica.com','http://s3.amazonaws.com/crunchbase_prod_assets/assets/images/resized/0005/2481/52481v1-max-250x250.png','http://www.optimedica.com'
158,158,'Vet Therapeutics','vettherapeutics.com','http://s3.amazonaws.com/crunchbase_prod_assets/assets/images/resized/0034/2049/342049v1-max-250x250.jpg','http://vettherapeutics.com'
159,159,'InSound Medical','insoundmedical.com','http://s3.amazonaws.com/crunchbase_prod_assets/assets/images/resized/0005/2597/52597v1-max-250x250.jpg','http://www.insoundmedical.com'
160,160,'Biotech International','biotech-international.com','http://s3.amazonaws.com/crunchbase_prod_assets/assets/images/resized/0034/3227/343227v1-max-250x250.png','http://biotech-international.com'
161,161,'Accumetrics','accumetrics.com','http://s3.amazonaws.com/crunchbase_prod_assets/assets/images/resized/0005/2704/52704v1-max-250x250.jpg','http://www.accumetrics.com'
162,162,'Aragon Surgical','aragonsurgical.com','http://s3.amazonaws.com/crunchbase_prod_assets/assets/images/resized/0005/2837/52837v1-max-250x250.jpg','http://www.aragonsurgical.com'
163,163,'Corthera','corthera.com','http://s3.amazonaws.com/crunchbase_prod_assets/assets/images/resized/0005/2839/52839v1-max-250x250.jpg','http://www.corthera.com'
164,164,'ARYx Therapeutics','aryx.com','http://s3.amazonaws.com/crunchbase_prod_assets/assets/images/resized/0005/2970/52970v1-max-250x250.jpg','http://www.aryx.com'
165,165,'LEAD Therapeutics','leadtherapeutics.com','http://s3.amazonaws.com/crunchbase_prod_assets/assets/images/resized/0005/2996/52996v1-max-250x250.jpg','http://www.leadtherapeutics.com'
166,166,'APT Pharmaceuticals','aptbio.com','http://s3.amazonaws.com/crunchbase_prod_assets/assets/images/resized/0009/6025/96025v2-max-250x250.png','http://www.aptbio.com'
167,167,'FlowCardia','flowcardia.com','http://s3.amazonaws.com/crunchbase_prod_assets/assets/images/resized/0005/3136/53136v1-max-250x250.jpg','http://www.flowcardia.com'
168,168,'CRM clinical trials','crm-ct.de','http://s3.amazonaws.com/crunchbase_prod_assets/assets/images/resized/0035/3283/353283v1-max-250x250.png','http://crm-ct.de/en'
169,169,'Correvio','correvio.com','http://s3.amazonaws.com/crunchbase_prod_assets/assets/images/resized/0036/2181/362181v1-max-250x250.jpg','http://correvio.com'
170,170,'EOS (Ethical Oncology Science)','eosmilano.com','http://s3.amazonaws.com/crunchbase_prod_assets/assets/images/resized/0036/2449/362449v1-max-250x250.jpg','http://www.eosmilano.com'
171,171,'Iconix Biosciences','iconixbiosciences.com','http://s3.amazonaws.com/crunchbase_prod_assets/assets/images/resized/0005/4119/54119v1-max-250x250.jpg','http://www.iconixbiosciences.com'
172,172,'Intellikine','intellikine.com','http://s3.amazonaws.com/crunchbase_prod_assets/assets/images/resized/0005/4526/54526v1-max-250x250.jpg','http://www.intellikine.com'
173,173,'Shantha Biotechnics','shanthabiotech.com','http://s3.amazonaws.com/crunchbase_prod_assets/assets/images/resized/0005/4537/54537v1-max-250x250.jpg','http://www.shanthabiotech.com'
174,174,'Medarex','medarex.com','http://s3.amazonaws.com/crunchbase_prod_assets/assets/images/resized/0005/4542/54542v1-max-250x250.png','http://www.medarex.com'
175,175,'GlenRose Instruments','glenroseinstruments.com','http://s3.amazonaws.com/crunchbase_prod_assets/assets/images/resized/0005/4579/54579v1-max-250x250.jpg','http://www.glenroseinstruments.com'
176,176,'Constitution Medical Investors','conmedinvestors.com','http://s3.amazonaws.com/crunchbase_prod_assets/assets/images/resized/0037/2542/372542v1-max-250x250.png','http://conmedinvestors.com'
177,177,'Cangene','cangene.com','http://s3.amazonaws.com/crunchbase_prod_assets/assets/images/resized/0037/4730/374730v1-max-250x250.png','http://cangene.com'
178,178,'Compendia Bioscience','compendiabio.com','http://s3.amazonaws.com/crunchbase_prod_assets/assets/images/resized/0015/6204/156204v1-max-250x250.jpg','http://www.compendiabio.com'
179,179,'Merge Healthcare','merge.com','http://s3.amazonaws.com/crunchbase_prod_assets/assets/images/resized/0005/5683/55683v1-max-250x250.png','http://www.merge.com'
180,180,'Confirma','confirma.com','http://s3.amazonaws.com/crunchbase_prod_assets/assets/images/resized/0005/5684/55684v1-max-250x250.png','http://www.confirma.com'
181,181,'Accuri Cytometers','accuricytometers.com','http://s3.amazonaws.com/crunchbase_prod_assets/assets/images/resized/0005/6034/56034v1-max-250x250.png','http://www.accuricytometers.com'
182,182,'Cisbio.com','cisbio.com','http://s3.amazonaws.com/crunchbase_prod_assets/assets/images/resized/0036/1498/361498v1-max-250x250.png','http://cisbio.com'
183,183,'Tripos International','tripos.com','http://s3.amazonaws.com/crunchbase_prod_assets/assets/images/resized/0005/8219/58219v1-max-250x250.png','http://www.tripos.com'
184,184,'Axordia',,,
185,185,'Warner Chilcott','wcrx.com','http://s3.amazonaws.com/crunchbase_prod_assets/assets/images/resized/0005/8675/58675v1-max-250x250.png','http://www.wcrx.com'
186,186,'Xphase Pharmaceuticals','xphasepharma.com','http://s3.amazonaws.com/crunchbase_prod_assets/assets/images/resized/0005/8746/58746v1-max-250x250.jpg','http://xphasepharma.com'
187,187,'Ibis Biosciences','ibisbiosciences.com','http://s3.amazonaws.com/crunchbase_prod_assets/assets/images/resized/0005/8754/58754v2-max-250x250.jpg','http://www.ibisbiosciences.com'
188,188,'PML Microbiologicals','pmlmicro.com',,'http://www.pmlmicro.com'
189,189,'Biotech IgG','biotech-igg.com',,'http://www.biotech-igg.com'
190,190,'Acambis','acambis.com','http://s3.amazonaws.com/crunchbase_prod_assets/assets/images/resized/0005/8882/58882v1-max-250x250.png','http://www.acambis.com'
191,191,'ChemNavigator','chemnavigator.com','http://s3.amazonaws.com/crunchbase_prod_assets/assets/images/resized/0005/8890/58890v1-max-250x250.jpg','http://www.chemnavigator.com'
192,192,'WuXi AppTec','apptecls.com','http://s3.amazonaws.com/crunchbase_prod_assets/assets/images/resized/0005/8940/58940v1-max-250x250.jpg','http://www.apptecls.com'
193,193,'CellzDirect','cellzdirect.com','http://s3.amazonaws.com/crunchbase_prod_assets/assets/images/resized/0005/8942/58942v1-max-250x250.jpg','http://www.cellzdirect.com'
194,194,'MedTrec',,,
195,195,'LipidViro Tech','lipidviro.com','http://s3.amazonaws.com/crunchbase_prod_assets/assets/images/resized/0005/8959/58959v2-max-250x250.jpg','http://www.lipidviro.com'
196,196,'Sepracor','sepracor.com','http://s3.amazonaws.com/crunchbase_prod_assets/assets/images/resized/0005/8964/58964v2-max-250x250.jpg','http://www.sepracor.com'
197,197,'Millennium Pharmaceuticals','mlnm.com','http://s3.amazonaws.com/crunchbase_prod_assets/assets/images/resized/0005/8968/58968v1-max-250x250.png','http://www.mlnm.com'
198,198,'BioAvenge',,,
199,199,'Encysive Pharmaceuticals','pfizer.com','http://s3.amazonaws.com/crunchbase_prod_assets/assets/images/resized/0024/9927/249927v1-max-250x250.jpg','http://pfizer.com/home'
200,200,'EUSA Pharma','eusapharma.com','http://s3.amazonaws.com/crunchbase_prod_assets/assets/images/resized/0005/9049/59049v2-max-250x250.png','http://www.eusapharma.com'
201,201,'Ercole Biotech',,,
202,202,'Bovigen','bovigen.com',,'http://www.bovigen.com'
203,203,'Noven','noven.com','http://s3.amazonaws.com/crunchbase_prod_assets/assets/images/resized/0005/9155/59155v1-max-250x250.png','http://www.noven.com'
204,204,'Protiva Biotherapeutics','protivabio.com','http://s3.amazonaws.com/crunchbase_prod_assets/assets/images/resized/0005/9173/59173v1-max-250x250.jpg','http://www.protivabio.com'
205,205,'LifeCell','lifecell.com','http://s3.amazonaws.com/crunchbase_prod_assets/assets/images/resized/0005/9175/59175v1-max-250x250.png','http://www.lifecell.com'
206,206,'Pathogen Removal and Diagnostic Technologies',,,
207,207,'Vectoris Pharma',,,
208,208,'Vidus Ocular',,,
209,209,'Verenium','verenium.com','http://s3.amazonaws.com/crunchbase_prod_assets/assets/images/resized/0005/9197/59197v1-max-250x250.png','http://www.verenium.com'
210,210,'PEAK Surgical','peaksurgical.com','http://s3.amazonaws.com/crunchbase_prod_assets/assets/images/resized/0005/9223/59223v1-max-250x250.png','http://www.peaksurgical.com'
211,211,'BIOMOL International','biomol.com','http://s3.amazonaws.com/crunchbase_prod_assets/assets/images/resized/0005/9312/59312v1-max-250x250.png','http://www.biomol.com'
212,212,'Iomai Corporation','iomai.com','http://s3.amazonaws.com/crunchbase_prod_assets/assets/images/resized/0005/9314/59314v2-max-250x250.jpg','http://www.iomai.com'
213,213,'Memory Pharmaceuticals','memorypharma.com',,'http://www.memorypharma.com'
214,214,'Omrix Biopharmaceuticals','omrix.com','http://s3.amazonaws.com/crunchbase_prod_assets/assets/images/resized/0005/9340/59340v1-max-250x250.png','http://www.omrix.com'
215,215,'BioAgra','bioagra.net','http://s3.amazonaws.com/crunchbase_prod_assets/assets/images/resized/0005/9342/59342v1-max-250x250.jpg','http://www.bioagra.net'
216,216,'Genelabs Technologies','genelabs.com','http://s3.amazonaws.com/crunchbase_prod_assets/assets/images/resized/0005/9344/59344v1-max-250x250.jpg','http://www.genelabs.com'
217,217,'V-Clip Pharmaceuticals',,,
218,218,'Acceptys','acceptys.com','http://s3.amazonaws.com/crunchbase_prod_assets/assets/images/resized/0005/9347/59347v1-max-250x250.jpg','http://www.acceptys.com'
219,219,'Applied Biosystems','appliedbiosystems.com','http://s3.amazonaws.com/crunchbase_prod_assets/assets/images/resized/0005/9424/59424v1-max-250x250.jpg','http://www.appliedbiosystems.com'
220,220,'Agtech Products','agtechproducts.com',,'http://www.agtechproducts.com'
221,221,'Pharmacopeia','pharmacopeia.com',,'http://www.pharmacopeia.com'
222,222,'Vaccsys','vaccsys.com','http://s3.amazonaws.com/crunchbase_prod_assets/assets/images/resized/0005/9445/59445v1-max-250x250.png','http://www.vaccsys.com'
223,223,'Lipomics Technologies','lipomics.com','http://s3.amazonaws.com/crunchbase_prod_assets/assets/images/resized/0005/9475/59475v1-max-250x250.jpg','http://www.lipomics.com'
224,224,'Molecular Therapeutics','moleculartherapeutics.com','http://s3.amazonaws.com/crunchbase_prod_assets/assets/images/resized/0005/9477/59477v1-max-250x250.png','http://www.moleculartherapeutics.com'
225,225,'Roxro Pharma','roxropharma.com','http://s3.amazonaws.com/crunchbase_prod_assets/assets/images/resized/0005/9481/59481v1-max-250x250.png','http://www.roxropharma.com'
226,226,'Zyraz Technology','zyraz.com','http://s3.amazonaws.com/crunchbase_prod_assets/assets/images/resized/0005/9530/59530v2-max-250x250.png','http://www.zyraz.com'
227,227,'Paracor Medical','paracormedical.com','http://s3.amazonaws.com/crunchbase_prod_assets/assets/images/resized/0005/9561/59561v1-max-250x250.jpg','http://www.paracormedical.com'
228,228,'Talima Therapeutics','talima.com','http://s3.amazonaws.com/crunchbase_prod_assets/assets/images/resized/0005/9562/59562v1-max-250x250.jpg','http://www.talima.com'
229,229,'Reliant Technologies','reliant-tech.com','http://s3.amazonaws.com/crunchbase_prod_assets/assets/images/resized/0005/9576/59576v1-max-250x250.png','http://www.reliant-tech.com'
230,230,'Imclone Systems','imclone.com','http://s3.amazonaws.com/crunchbase_prod_assets/assets/images/resized/0014/4460/144460v1-max-250x250.jpg','http://www.imclone.com'
231,231,'Amphora Discovery',,,
232,232,'BrachySciences','brachysciences.com','http://s3.amazonaws.com/crunchbase_prod_assets/assets/images/resized/0005/9612/59612v1-max-250x250.png','http://www.brachysciences.com'
233,233,'Biocompatibles International','biocompatibles.com','http://s3.amazonaws.com/crunchbase_prod_assets/assets/images/resized/0005/9613/59613v1-max-250x250.png','http://www.biocompatibles.com'
234,234,'Leica Biosystems St. Louis','coretech-holdings.com','http://s3.amazonaws.com/crunchbase_prod_assets/assets/images/resized/0005/9636/59636v1-max-250x250.jpg','http://www.coretech-holdings.com'
235,235,'Kosan Biosciences',,,
236,236,'Tercica','tercica.com','http://s3.amazonaws.com/crunchbase_prod_assets/assets/images/resized/0005/9639/59639v1-max-250x250.png','http://www.tercica.com'
237,237,'Octagen',,,
238,238,'Third Wave Technologies','twt.com','http://s3.amazonaws.com/crunchbase_prod_assets/assets/images/resized/0015/0268/150268v1-max-250x250.jpg','http://www.twt.com'
239,239,'Amnestix','amnestix.com','http://s3.amazonaws.com/crunchbase_prod_assets/assets/images/resized/0005/9642/59642v1-max-250x250.jpg','http://www.amnestix.com'
240,240,'Mirus Bio','mirusbio.com','http://s3.amazonaws.com/crunchbase_prod_assets/assets/images/resized/0005/9703/59703v1-max-250x250.jpg','http://www.mirusbio.com'
241,241,'Raven Biotechnologies',,,
242,242,'Lev Pharmaceuticals',,'http://s3.amazonaws.com/crunchbase_prod_assets/assets/images/resized/0014/9972/149972v1-max-250x250.png',
243,243,'ViroPharma','viropharma.com','http://s3.amazonaws.com/crunchbase_prod_assets/assets/images/resized/0005/9762/59762v2-max-250x250.jpg','http://www.viropharma.com'
244,244,'SGX Pharmaceuticals',,,
245,245,'Therapeutic Peptides','tpipeptides.com','http://s3.amazonaws.com/crunchbase_prod_assets/assets/images/resized/0005/9763/59763v1-max-250x250.jpg','http://www.tpipeptides.com'
246,246,'LipoSonix','liposonix.com','http://s3.amazonaws.com/crunchbase_prod_assets/assets/images/resized/0005/9766/59766v1-max-250x250.png','http://www.liposonix.com'
247,247,'MAP Pharmaceuticals','mappharma.com','http://s3.amazonaws.com/crunchbase_prod_assets/assets/images/resized/0005/9816/59816v1-max-250x250.jpg','http://www.mappharma.com'
248,248,'DIREVO Industrial Biotechnology','direvo.com','http://s3.amazonaws.com/crunchbase_prod_assets/assets/images/resized/0005/9819/59819v1-max-250x250.png','http://www.direvo.com'
249,249,'Aly Participacoes',,,
250,250,'AstraZeneca Biotech Laboratory',,,
251,251,'AorTx',,,
252,252,'Coapt Systems','coaptsystems.com','http://s3.amazonaws.com/crunchbase_prod_assets/assets/images/resized/0005/9921/59921v1-max-250x250.jpg','http://www.coaptsystems.com'
253,253,'AdnaGen','adnagen.com','http://s3.amazonaws.com/crunchbase_prod_assets/assets/images/resized/0005/9930/59930v1-max-250x250.jpg','http://www.adnagen.com'
254,254,'Xradia','xradia.com','http://s3.amazonaws.com/crunchbase_prod_assets/assets/images/resized/0005/9933/59933v1-max-250x250.png','http://www.xradia.com'
255,255,'Bacchus Vascular','bacchus-vascular.com','http://s3.amazonaws.com/crunchbase_prod_assets/assets/images/resized/0005/9936/59936v1-max-250x250.jpg','http://www.bacchus-vascular.com'
256,256,'Novathera','novathera.com','http://s3.amazonaws.com/crunchbase_prod_assets/assets/images/resized/0005/9937/59937v1-max-250x250.png','http://www.novathera.com'
257,257,'Chengdu Rongsheng Pharmaceutical',,,
258,258,'Corbett Life Science',,,
259,259,'Olerup SSP',,,
260,260,'Neuropure','neuropure.com',,'http://www.neuropure.com'
261,261,'CardioDigital','cardiodigital.com','http://s3.amazonaws.com/crunchbase_prod_assets/assets/images/resized/0005/9989/59989v1-max-250x250.png','http://www.cardiodigital.com'
262,262,'Talecris Biotherapeutics','talecris.com','http://s3.amazonaws.com/crunchbase_prod_assets/assets/images/resized/0005/9993/59993v1-max-250x250.jpg','http://www.talecris.com'
263,263,'Diagnotec','diagnotec.cl','http://s3.amazonaws.com/crunchbase_prod_assets/assets/images/resized/0005/9995/59995v1-max-250x250.jpg','http://www.diagnotec.cl'
264,264,'InstrumeC',,,
265,265,'Dako Denmark','dako.com','http://s3.amazonaws.com/crunchbase_prod_assets/assets/images/resized/0005/9997/59997v1-max-250x250.jpg','http://www.dako.com'
266,266,'NeoGuide Systems','neoguidesystems.com','http://s3.amazonaws.com/crunchbase_prod_assets/assets/images/resized/0006/0022/60022v1-max-250x250.png','http://www.neoguidesystems.com'
267,267,'Innogenetics','innogenetics.com','http://s3.amazonaws.com/crunchbase_prod_assets/assets/images/resized/0006/0040/60040v1-max-250x250.jpg','http://www.innogenetics.com'
268,268,'Solvay Pharmaceuticals','abbott.com','http://s3.amazonaws.com/crunchbase_prod_assets/assets/images/resized/0006/0042/60042v1-max-250x250.png','http://www.abbott.com'
269,269,'Evalve','evalveinc.com','http://s3.amazonaws.com/crunchbase_prod_assets/assets/images/resized/0006/0050/60050v1-max-250x250.jpg','http://www.evalveinc.com'
270,270,'Zonare Medical Systems','zonare.com','http://s3.amazonaws.com/crunchbase_prod_assets/assets/images/resized/0006/0051/60051v2-max-250x250.jpg','http://www.zonare.com'
271,271,'Origen Therapeutics','origentherapeutics.com','http://s3.amazonaws.com/crunchbase_prod_assets/assets/images/resized/0006/0055/60055v1-max-250x250.png','http://www.origentherapeutics.com'
272,272,'ValiPharma','valirx.com','http://s3.amazonaws.com/crunchbase_prod_assets/assets/images/resized/0006/0099/60099v1-max-250x250.png','http://www.valirx.com/valipharma'
273,273,'Arius Research','ariusresearch.com',,'http://www.ariusresearch.com'
274,274,'KangChern Environmental Science & Technology','kangchern.com','http://s3.amazonaws.com/crunchbase_prod_assets/assets/images/resized/0006/0104/60104v1-max-250x250.png','http://www.kangchern.com'
275,275,'BioSeek','bioseekinc.com','http://s3.amazonaws.com/crunchbase_prod_assets/assets/images/resized/0006/0117/60117v1-max-250x250.jpg','http://www.bioseekinc.com'
276,276,'Ilypsa','ilypsa.com',,'http://www.ilypsa.com'
277,277,'Cytyc','cytyc.com','http://s3.amazonaws.com/crunchbase_prod_assets/assets/images/resized/0015/0266/150266v1-max-250x250.png','http://www.cytyc.com'
278,278,'Adiana','adiana.com','http://s3.amazonaws.com/crunchbase_prod_assets/assets/images/resized/0006/0308/60308v1-max-250x250.png','http://www.adiana.com'
279,279,'Piramed',,,
280,280,'IUT Institut fÃ¼r Umwelttechnologien','iut-berlin.info','http://s3.amazonaws.com/crunchbase_prod_assets/assets/images/resized/0006/0327/60327v1-max-250x250.jpg','http://www.iut-berlin.info/17.0.html?&L=1'
281,281,'Atlanchim Pharma','atlanchim.com','http://s3.amazonaws.com/crunchbase_prod_assets/assets/images/resized/0006/0330/60330v1-max-250x250.png','http://www.atlanchim.com'
282,282,'Karyon-CTT','karyon.fi',,'http://www.karyon.fi'
283,283,'ESS Magyarorszag','esshungary.eu',,'http://www.esshungary.eu'
284,284,'Catapult Genetics','geneticsolutions.com.au',,'http://www.geneticsolutions.com.au'
285,285,'Cartela AB','cartela.se',,'http://www.cartela.se'
286,286,'Clarient','clarientinc.com','http://s3.amazonaws.com/crunchbase_prod_assets/assets/images/resized/0006/0539/60539v2-max-250x250.png','http://www.clarientinc.com'
287,287,'Biotec Centre','biotec-dmpk-adme.com','http://s3.amazonaws.com/crunchbase_prod_assets/assets/images/resized/0006/0657/60657v1-max-250x250.png','http://www.biotec-dmpk-adme.com'
288,288,'Labtec','labtec-pharma.com','http://s3.amazonaws.com/crunchbase_prod_assets/assets/images/resized/0006/0659/60659v1-max-250x250.jpg','http://www.labtec-pharma.com'
289,289,'ViRexx Medical',,,
290,290,'Paladin Labs','paladin-labs.com','http://s3.amazonaws.com/crunchbase_prod_assets/assets/images/resized/0006/0661/60661v1-max-250x250.png','http://www.paladin-labs.com'
291,291,'CellTran','celltran.com','http://s3.amazonaws.com/crunchbase_prod_assets/assets/images/resized/0006/0662/60662v1-max-250x250.jpg','http://www.celltran.com'
292,292,'BASF','basf.com','http://s3.amazonaws.com/crunchbase_prod_assets/assets/images/resized/0006/0665/60665v1-max-250x250.png','http://www.basf.com'
293,293,'CardioMind','cardiomind.com','http://s3.amazonaws.com/crunchbase_prod_assets/assets/images/resized/0006/0720/60720v1-max-250x250.png','http://www.cardiomind.com'
294,294,'Berkeley HealthLab','bhlinc.com','http://s3.amazonaws.com/crunchbase_prod_assets/assets/images/resized/0006/0724/60724v1-max-250x250.jpg','http://www.bhlinc.com'
295,295,'Endotex','endotex.com',,'http://www.endotex.com'
296,296,'BioForm Medical','bioform.com','http://s3.amazonaws.com/crunchbase_prod_assets/assets/images/resized/0006/0740/60740v1-max-250x250.jpg','http://www.bioform.com'
297,297,'Enobia Pharma','enobia.com','http://s3.amazonaws.com/crunchbase_prod_assets/assets/images/resized/0006/0774/60774v1-max-250x250.png','http://www.enobia.com'
298,298,'Pervasis Therapeutics','pervasistx.com','http://s3.amazonaws.com/crunchbase_prod_assets/assets/images/resized/0006/0780/60780v1-max-250x250.png','http://www.pervasistx.com'
299,299,'Candela','candelalaser.com','http://s3.amazonaws.com/crunchbase_prod_assets/assets/images/resized/0006/2896/62896v1-max-250x250.png','http://www.candelalaser.com'
300,300,'Otologics','otologics.com','http://s3.amazonaws.com/crunchbase_prod_assets/assets/images/resized/0006/2898/62898v1-max-250x250.jpg','http://www.otologics.com'
301,301,'Denville Scientific','denvillescientific.com','http://s3.amazonaws.com/crunchbase_prod_assets/assets/images/resized/0006/2901/62901v1-max-250x250.png','https://www.denvillescientific.com'
302,302,'Hawaii Medical','hawaiimedical.com','http://s3.amazonaws.com/crunchbase_prod_assets/assets/images/resized/0006/3106/63106v1-max-250x250.jpg','http://www.hawaiimedical.com'
303,303,'Axygen','axygen.com','http://s3.amazonaws.com/crunchbase_prod_assets/assets/images/resized/0006/2906/62906v1-max-250x250.jpg','http://www.axygen.com'
304,304,'Power Medical Interventions','pmi2.com','http://s3.amazonaws.com/crunchbase_prod_assets/assets/images/resized/0006/3110/63110v1-max-250x250.png','http://www.pmi2.com'
305,305,'Pegasus Biologics','pegasusbio.com','http://s3.amazonaws.com/crunchbase_prod_assets/assets/images/resized/0006/3114/63114v1-max-250x250.png','http://www.pegasusbio.com'
306,306,'Alpha Innotech','alphainnotech.com','http://s3.amazonaws.com/crunchbase_prod_assets/assets/images/resized/0006/2908/62908v1-max-250x250.png','http://www.alphainnotech.com'
307,307,'Micelle Laboratories','micelle.com','http://s3.amazonaws.com/crunchbase_prod_assets/assets/images/resized/0006/3077/63077v1-max-250x250.jpg','http://www.micelle.com'
308,308,'Merial Limited','merial.com','http://s3.amazonaws.com/crunchbase_prod_assets/assets/images/resized/0006/3115/63115v2-max-250x250.jpg','http://www.merial.com'
309,309,'ProFibrix','profibrix.com','http://s3.amazonaws.com/crunchbase_prod_assets/assets/images/resized/0006/0990/60990v1-max-250x250.png','http://www.profibrix.com'
310,310,'Crucell','crucell.com','http://s3.amazonaws.com/crunchbase_prod_assets/assets/images/resized/0006/1057/61057v1-max-250x250.png','http://www.crucell.com'
311,311,'ICAgen','icagen.com','http://s3.amazonaws.com/crunchbase_prod_assets/assets/images/resized/0006/1129/61129v1-max-250x250.jpg','http://www.icagen.com'
312,312,'Biosyntech','biosyntech.com','http://s3.amazonaws.com/crunchbase_prod_assets/assets/images/resized/0006/1162/61162v1-max-250x250.png','http://www.biosyntech.com'
313,313,'Femta Pharmaceuticals','femtapharma.com','http://s3.amazonaws.com/crunchbase_prod_assets/assets/images/resized/0006/1175/61175v1-max-250x250.jpg','http://www.femtapharma.com'
314,314,'GenTek','gentek-global.com','http://s3.amazonaws.com/crunchbase_prod_assets/assets/images/resized/0006/1205/61205v1-max-250x250.jpg','http://www.gentek-global.com'
315,315,'Tecnofarma','tecnofarma.com.mx','http://s3.amazonaws.com/crunchbase_prod_assets/assets/images/resized/0006/1324/61324v1-max-250x250.jpg','http://www.tecnofarma.com.mx'
316,316,'Private Formula International Holdings','drlewinns.com','http://s3.amazonaws.com/crunchbase_prod_assets/assets/images/resized/0006/2926/62926v1-max-250x250.jpg','http://www.drlewinns.com'
317,317,'China Gene',,,
318,318,'HX Diagnostics','hxdiagnostics.com','http://s3.amazonaws.com/crunchbase_prod_assets/assets/images/resized/0006/1355/61355v2-max-250x250.jpg','http://www.hxdiagnostics.com'
319,319,'Takeda Bio Development Center','takeda.com','http://s3.amazonaws.com/crunchbase_prod_assets/assets/images/resized/0006/1356/61356v1-max-250x250.jpg','http://www.takeda.com'
320,320,'Abfrontier','abfrontier.com','http://s3.amazonaws.com/crunchbase_prod_assets/assets/images/resized/0006/1359/61359v1-max-250x250.png','http://www.abfrontier.com'
321,321,'Shaanxi Aierfu Tissue Engineering Company',,,
322,322,'Anhui Huaxing Hengda Biotech',,,
323,323,'Jiangsu Institute Of Microbiology',,,
324,324,'Advanced In Vitro Cell Technologies','advancell.net','http://s3.amazonaws.com/crunchbase_prod_assets/assets/images/resized/0006/1489/61489v1-max-250x250.jpg','http://www.advancell.net'
325,325,'Amaxa Biosystems','amaxa.com',,'http://www.amaxa.com'
326,326,'HLH Agri R & D',,,
327,327,'Cytopeia','cytopeia.com',,'http://www.cytopeia.com'
328,328,'Know & Keep Your Genes','kyggenes.co.kr',,'http://www.kyggenes.co.kr'
329,329,'Chemo Wan Bang Biotech Pharma','chemowanbang.com','http://s3.amazonaws.com/crunchbase_prod_assets/assets/images/resized/0006/2041/62041v1-max-250x250.jpg','http://www.chemowanbang.com'
330,330,'Gen-Probe','gen-probe.com','http://s3.amazonaws.com/crunchbase_prod_assets/assets/images/resized/0006/2051/62051v1-max-250x250.jpg','http://www.gen-probe.com'
331,331,'Ingenium Pharamceutical','ingenium-ag.com','http://s3.amazonaws.com/crunchbase_prod_assets/assets/images/resized/0006/2052/62052v1-max-250x250.png','http://www.ingenium-ag.com'
332,332,'Inviragen','inviragen.com','http://s3.amazonaws.com/crunchbase_prod_assets/assets/images/resized/0006/2054/62054v1-max-250x250.jpg','http://www.inviragen.com'
333,333,'Naturalia France','naturalia.fr','http://s3.amazonaws.com/crunchbase_prod_assets/assets/images/resized/0006/2060/62060v1-max-250x250.png','http://www.naturalia.fr'
334,334,'Cytopia','cytopia.com.au','http://s3.amazonaws.com/crunchbase_prod_assets/assets/images/resized/0006/2090/62090v1-max-250x250.jpg','http://www.cytopia.com.au'
335,335,'Trimeris','trimeris.com','http://s3.amazonaws.com/crunchbase_prod_assets/assets/images/resized/0006/2233/62233v1-max-250x250.jpg','http://www.trimeris.com'
336,336,'Borba','borba.com','http://s3.amazonaws.com/crunchbase_prod_assets/assets/images/resized/0006/2273/62273v1-max-250x250.png','http://www.borba.com'
337,337,'QLT USA',,,
338,338,'Gloucester Pharmaceuticals','gloucesterpharma.com','http://s3.amazonaws.com/crunchbase_prod_assets/assets/images/resized/0006/2317/62317v1-max-250x250.jpg','http://www.gloucesterpharma.com'
339,339,'Onyx Pharmaceuticals','onyx-pharm.com','http://s3.amazonaws.com/crunchbase_prod_assets/assets/images/resized/0006/2570/62570v1-max-250x250.jpg','http://www.onyx-pharm.com'
340,340,'Proteolix','proteolix.com','http://s3.amazonaws.com/crunchbase_prod_assets/assets/images/resized/0006/2572/62572v1-max-250x250.jpg','http://www.proteolix.com'
341,341,'Asthmatx','asthmatx.com','http://s3.amazonaws.com/crunchbase_prod_assets/assets/images/resized/0006/2611/62611v3-max-250x250.jpg','http://www.asthmatx.com'
342,342,'VaxGen','vaxgen.com','http://s3.amazonaws.com/crunchbase_prod_assets/assets/images/resized/0006/2886/62886v1-max-250x250.jpg','http://www.vaxgen.com'
343,343,'Excel PharmaStudies','excel-china.com','http://s3.amazonaws.com/crunchbase_prod_assets/assets/images/resized/0006/3963/63963v1-max-250x250.png','http://www.excel-china.com'
344,344,'Viacor','viacorinc.com','http://s3.amazonaws.com/crunchbase_prod_assets/assets/images/resized/0006/5085/65085v1-max-250x250.png','http://www.viacorinc.com'
345,345,'Therapeutic Human Polyclonals',,,
346,346,'MAKO Surgical','makosurgical.com','http://s3.amazonaws.com/crunchbase_prod_assets/assets/images/resized/0008/8541/88541v1-max-250x250.png','http://www.makosurgical.com'
347,347,'Verathon','verathon.com','http://s3.amazonaws.com/crunchbase_prod_assets/assets/images/resized/0006/5577/65577v1-max-250x250.jpg','http://www.verathon.com'
348,348,'Trinity Biosystems','trinitybiosystems.com','http://s3.amazonaws.com/crunchbase_prod_assets/assets/images/resized/0006/5604/65604v1-max-250x250.jpg','http://www.trinitybiosystems.com'
349,349,'Veratect','veratect.com','http://s3.amazonaws.com/crunchbase_prod_assets/assets/images/resized/0006/5669/65669v1-max-250x250.png','http://www.veratect.com'
350,350,'BioTrove','biotrove.com','http://s3.amazonaws.com/crunchbase_prod_assets/assets/images/resized/0006/5720/65720v1-max-250x250.jpg','http://www.biotrove.com'
351,351,'Altair Therapeutics','altairthera.com','http://s3.amazonaws.com/crunchbase_prod_assets/assets/images/resized/0006/5844/65844v1-max-250x250.png','http://www.altairthera.com'
352,352,'Cellerix','cellerix.com','http://s3.amazonaws.com/crunchbase_prod_assets/assets/images/resized/0006/5847/65847v1-max-250x250.png','http://www.cellerix.com'
353,353,'Cyntellect','cyntellect.com','http://s3.amazonaws.com/crunchbase_prod_assets/assets/images/resized/0008/0179/80179v1-max-250x250.jpg','http://www.cyntellect.com'
354,354,'Biovitrum','biovitrum.com','http://s3.amazonaws.com/crunchbase_prod_assets/assets/images/resized/0006/6364/66364v1-max-250x250.png','http://www.biovitrum.com'
355,355,'Patriot Technologies','patriottechnologies.net','http://s3.amazonaws.com/crunchbase_prod_assets/assets/images/resized/0006/6502/66502v1-max-250x250.jpg','http://patriottechnologies.net'
356,356,'BioXell','bioxell.com','http://s3.amazonaws.com/crunchbase_prod_assets/assets/images/resized/0006/6751/66751v1-max-250x250.png','http://www.bioxell.com'
357,357,'Millipore India','millipore.com','http://s3.amazonaws.com/crunchbase_prod_assets/assets/images/resized/0006/7362/67362v1-max-250x250.png','http://www.millipore.com/india/wwin/home'
358,358,'Calibra Medical',,'http://s3.amazonaws.com/crunchbase_prod_assets/assets/images/resized/0007/7969/77969v1-max-250x250.jpg',
359,359,'EraGen Biosciences','eragen.com','http://s3.amazonaws.com/crunchbase_prod_assets/assets/images/resized/0006/7929/67929v1-max-250x250.png','http://www.eragen.com'
360,360,'Kreatech Diagnostics','kreatech.com','http://s3.amazonaws.com/crunchbase_prod_assets/assets/images/resized/0006/7933/67933v1-max-250x250.png','http://www.kreatech.com/Default.aspx'
361,361,'HandyLab','handylab.com',,'http://www.handylab.com'
362,362,'Hematris Wound Care','hematris.de','http://s3.amazonaws.com/crunchbase_prod_assets/assets/images/resized/0006/7937/67937v1-max-250x250.png','http://www.hematris.de/wEnglish/index.shtml'
363,363,'Biosystem Development','biosystemdevelopment.com','http://s3.amazonaws.com/crunchbase_prod_assets/assets/images/resized/0006/8012/68012v2-max-250x250.jpg','http://www.biosystemdevelopment.com'
364,364,'Ascent Healthcare Solutions','ascenths.com','http://s3.amazonaws.com/crunchbase_prod_assets/assets/images/resized/0006/8200/68200v1-max-250x250.jpg','http://www.ascenths.com'
365,365,'Movetis','movetis.com','http://s3.amazonaws.com/crunchbase_prod_assets/assets/images/resized/0006/8511/68511v1-max-250x250.png','http://www.movetis.com'
366,366,'HistoRx','historx.com','http://s3.amazonaws.com/crunchbase_prod_assets/assets/images/resized/0006/8579/68579v1-max-250x250.jpg','http://www.historx.com'
367,367,'WellAWARE Systems','wellawaresystems.com','http://s3.amazonaws.com/crunchbase_prod_assets/assets/images/resized/0006/8794/68794v1-max-250x250.png','http://www.wellawaresystems.com'
368,368,'Protein Forest','proteinforest.com','http://s3.amazonaws.com/crunchbase_prod_assets/assets/images/resized/0006/8842/68842v1-max-250x250.jpg','http://www.proteinforest.com'
369,369,'Therasis','therasis.com','http://s3.amazonaws.com/crunchbase_prod_assets/assets/images/resized/0006/8919/68919v1-max-250x250.png','http://www.therasis.com'
370,370,'Calixa Therapeutics','calixainc.com','http://s3.amazonaws.com/crunchbase_prod_assets/assets/images/resized/0006/9682/69682v1-max-250x250.jpg','http://www.calixainc.com'
371,371,'Caliper Life Sciences','caliperls.com','http://s3.amazonaws.com/crunchbase_prod_assets/assets/images/resized/0006/9890/69890v2-max-250x250.jpg','http://www.caliperls.com'
372,372,'Xenogen Biosciences','xenogen.com',,'http://www.xenogen.com/wt/page/vivo_biosciences'
373,373,'Acclarent','acclarent.com','http://s3.amazonaws.com/crunchbase_prod_assets/assets/images/resized/0007/0201/70201v2-max-250x250.png','http://www.acclarent.com'
374,374,'Adnavance Technologies','adnavance.com','http://s3.amazonaws.com/crunchbase_prod_assets/assets/images/resized/0007/0280/70280v1-max-250x250.jpg','http://www.adnavance.com'
375,375,'Acton Pharmaceuticals','actonpharmaceuticals.com','http://s3.amazonaws.com/crunchbase_prod_assets/assets/images/resized/0007/0293/70293v2-max-250x250.jpg','http://actonpharmaceuticals.com'
376,376,'CS-Keys','cs-keys.com','http://s3.amazonaws.com/crunchbase_prod_assets/assets/images/resized/0007/0307/70307v1-max-250x250.jpg','http://www.cs-keys.com'
377,377,'Javelin Pharmaceuticals','javelinpharmaceuticals.com','http://s3.amazonaws.com/crunchbase_prod_assets/assets/images/resized/0007/0416/70416v1-max-250x250.png','http://www.javelinpharmaceuticals.com'
378,378,'Benten BioServices','bentenbio.com','http://s3.amazonaws.com/crunchbase_prod_assets/assets/images/resized/0029/7093/297093v1-max-250x250.png','http://bentenbio.com'
379,379,'Vicuron Pharmaceuticals',,,
380,380,'API Healthcare','apihealthcare.com','http://s3.amazonaws.com/crunchbase_prod_assets/assets/images/resized/0007/1066/71066v1-max-250x250.jpg','http://www.apihealthcare.com'
381,381,'Novexel','novexel.com','http://s3.amazonaws.com/crunchbase_prod_assets/assets/images/resized/0007/1317/71317v1-max-250x250.png','http://www.novexel.com'
382,382,'Fidia Advanced Biopolymers','fidiapharma.com','http://s3.amazonaws.com/crunchbase_prod_assets/assets/images/resized/0007/2090/72090v1-max-250x250.png','http://www.fidiapharma.com'
383,383,'Tactx Medical','tactxmed.com','http://s3.amazonaws.com/crunchbase_prod_assets/assets/images/resized/0007/2123/72123v1-max-250x250.png','http://www.tactxmed.com'
384,384,'TwoF','molecularstamping.com','http://s3.amazonaws.com/crunchbase_prod_assets/assets/images/resized/0007/2440/72440v2-max-250x250.jpg','http://www.molecularstamping.com'
385,385,'MediProPharma','medipropharma.com','http://s3.amazonaws.com/crunchbase_prod_assets/assets/images/resized/0007/2449/72449v1-max-250x250.png','http://www.medipropharma.com'
386,386,'Prometheus Laboratories','prometheuslabs.com','http://s3.amazonaws.com/crunchbase_prod_assets/assets/images/resized/0007/2648/72648v1-max-250x250.png','http://www.prometheuslabs.com'
387,387,'OncoDiagnostic Laboratory','oncodiagnostic.com','http://s3.amazonaws.com/crunchbase_prod_assets/assets/images/resized/0007/2677/72677v1-max-250x250.png','http://www.oncodiagnostic.com'
388,388,'AkaRx',,,
389,389,'Zymetis','zymetis.com','http://s3.amazonaws.com/crunchbase_prod_assets/assets/images/resized/0007/2888/72888v1-max-250x250.jpg','http://www.zymetis.com'
390,390,'ImpactRx','impactrx.com','http://s3.amazonaws.com/crunchbase_prod_assets/assets/images/resized/0007/2950/72950v3-max-250x250.jpg','http://www.impactrx.com'
391,391,'Helix Therapeutics','helixtherapeutics.com','http://s3.amazonaws.com/crunchbase_prod_assets/assets/images/resized/0007/3024/73024v1-max-250x250.png','http://helixtherapeutics.com'
392,392,'Molecular Biometrics','molecularbiometrics.com','http://s3.amazonaws.com/crunchbase_prod_assets/assets/images/resized/0007/3102/73102v1-max-250x250.png','http://www.molecularbiometrics.com'
393,393,'Applied Genomics','applied-genomics.com','http://s3.amazonaws.com/crunchbase_prod_assets/assets/images/resized/0007/3151/73151v2-max-250x250.jpg','http://www.applied-genomics.com'
394,394,'Diagnostic Hybrids','dhiusa.com','http://s3.amazonaws.com/crunchbase_prod_assets/assets/images/resized/0007/3172/73172v1-max-250x250.jpg','http://www.dhiusa.com'
395,395,'Gencia',,,
396,396,'Ocelus','ocelus.net','http://s3.amazonaws.com/crunchbase_prod_assets/assets/images/resized/0007/4230/74230v1-max-250x250.jpg','http://www.ocelus.net'
397,397,'ProChon Biotech','prochon.com','http://s3.amazonaws.com/crunchbase_prod_assets/assets/images/resized/0007/4243/74243v1-max-250x250.jpg','http://www.prochon.com'
398,398,'Marval Biosciences','marvalbiosciences.com',,'http://www.marvalbiosciences.com'
399,399,'Artisan Pharma','artisanpharma.net','http://s3.amazonaws.com/crunchbase_prod_assets/assets/images/resized/0007/4261/74261v1-max-250x250.png','http://www.artisanpharma.net'
400,400,'Symphony Dynamo',,,
401,401,'Elevation Pharmaceuticals','elevationpharma.com','http://s3.amazonaws.com/crunchbase_prod_assets/assets/images/resized/0007/4414/74414v1-max-250x250.jpg','http://www.elevationpharma.com'
402,402,'MTM Laboratories','mtm-laboratories.com','http://s3.amazonaws.com/crunchbase_prod_assets/assets/images/resized/0007/4521/74521v1-max-250x250.jpg','http://www.mtm-laboratories.com'
403,403,'Eribis Pharmaceuticals','eribispharma.se','http://s3.amazonaws.com/crunchbase_prod_assets/assets/images/resized/0007/4993/74993v1-max-250x250.png','http://www.eribispharma.se'
404,404,'Neomend','neomend.com','http://s3.amazonaws.com/crunchbase_prod_assets/assets/images/resized/0007/5202/75202v1-max-250x250.png','http://www.neomend.com'
405,405,'Medical Account Services','maswebsite.com','http://s3.amazonaws.com/crunchbase_prod_assets/assets/images/resized/0007/5233/75233v1-max-250x250.jpg','http://maswebsite.com'
406,406,'MEDHOST','medhost.com','http://s3.amazonaws.com/crunchbase_prod_assets/assets/images/resized/0007/5783/75783v1-max-250x250.jpg','http://www.medhost.com'
407,407,'Serica Technologies','sericainc.com',,'http://www.sericainc.com'
408,408,'Opus Healthcare Solutions','opushealthcare.com','http://s3.amazonaws.com/crunchbase_prod_assets/assets/images/resized/0007/7165/77165v1-max-250x250.jpg','http://www.opushealthcare.com'
409,409,'Ception Therapeutics','ceptiontx.com','http://s3.amazonaws.com/crunchbase_prod_assets/assets/images/resized/0007/7999/77999v1-max-250x250.png','http://www.ceptiontx.com'
410,410,'ApaTech','apatech.com','http://s3.amazonaws.com/crunchbase_prod_assets/assets/images/resized/0007/8863/78863v1-max-250x250.png','http://www.apatech.com'
411,411,'Facet Biotech','facetbiotech.com','http://s3.amazonaws.com/crunchbase_prod_assets/assets/images/resized/0007/9791/79791v1-max-250x250.jpg','http://www.facetbiotech.com'
412,412,'Phenomix','phenomixcorp.com','http://s3.amazonaws.com/crunchbase_prod_assets/assets/images/resized/0007/9903/79903v1-max-250x250.jpg','http://www.phenomixcorp.com'
413,413,'Ceregene','ceregene.com','http://s3.amazonaws.com/crunchbase_prod_assets/assets/images/resized/0007/9928/79928v1-max-250x250.jpg','http://www.ceregene.com'
414,414,'Gemin X Pharmaceuticals','geminx.com','http://s3.amazonaws.com/crunchbase_prod_assets/assets/images/resized/0007/9935/79935v1-max-250x250.jpg','http://www.geminx.com'
415,415,'Syntaxin','syntaxin.com','http://s3.amazonaws.com/crunchbase_prod_assets/assets/images/resized/0008/0047/80047v1-max-250x250.jpg','http://www.syntaxin.com'
416,416,'Advanced BioHealing','abh.com','http://s3.amazonaws.com/crunchbase_prod_assets/assets/images/resized/0008/0074/80074v1-max-250x250.jpg','http://abh.com'
417,417,'Axial Biotech','axialbiotech.com','http://s3.amazonaws.com/crunchbase_prod_assets/assets/images/resized/0008/0109/80109v1-max-250x250.jpg','http://www.axialbiotech.com'
418,418,'Excaliard Pharmaceuticals','excaliard.com','http://s3.amazonaws.com/crunchbase_prod_assets/assets/images/resized/0008/0196/80196v1-max-250x250.jpg','http://excaliard.com'
419,419,'Marcadia Biotech','marcadiabiotech.com','http://s3.amazonaws.com/crunchbase_prod_assets/assets/images/resized/0008/0209/80209v1-max-250x250.jpg','http://www.marcadiabiotech.com'
420,420,'Oriel Therapeutics','orieltherapeutics.com','http://s3.amazonaws.com/crunchbase_prod_assets/assets/images/resized/0008/0323/80323v1-max-250x250.jpg','http://www.orieltherapeutics.com'
421,421,'Xenome','xenome.com','http://s3.amazonaws.com/crunchbase_prod_assets/assets/images/resized/0008/0338/80338v1-max-250x250.jpg','http://www.xenome.com'
422,422,'Bioenvision','bioenvision.com',,'http://www.bioenvision.com'
423,423,'Sloning BioTechnology','sloning.com','http://s3.amazonaws.com/crunchbase_prod_assets/assets/images/resized/0008/0493/80493v1-max-250x250.jpg','http://www.sloning.com'
424,424,'Lectus Therapeutics','lectustherapeutics.com','http://s3.amazonaws.com/crunchbase_prod_assets/assets/images/resized/0008/0510/80510v1-max-250x250.jpg','http://www.lectustherapeutics.com'
425,425,'EUCODIS Bioscience','eucodisbioscience.com','http://s3.amazonaws.com/crunchbase_prod_assets/assets/images/resized/0008/0516/80516v1-max-250x250.jpg','http://www.eucodisbioscience.com'
426,426,'BioMicro Systems','biomicro.com','http://s3.amazonaws.com/crunchbase_prod_assets/assets/images/resized/0008/0629/80629v1-max-250x250.jpg','http://www.biomicro.com'
427,427,'EnCoate','encoate.com','http://s3.amazonaws.com/crunchbase_prod_assets/assets/images/resized/0008/0632/80632v1-max-250x250.jpg','http://www.encoate.com'
428,428,'CDI Bioscience','cdibios.com','http://s3.amazonaws.com/crunchbase_prod_assets/assets/images/resized/0008/0758/80758v1-max-250x250.jpg','http://www.cdibios.com'
429,429,'Algonomics','algonomics.com','http://s3.amazonaws.com/crunchbase_prod_assets/assets/images/resized/0008/0773/80773v1-max-250x250.jpg','http://www.algonomics.com'
430,430,'Unigene Laboratories','unigene.com','http://s3.amazonaws.com/crunchbase_prod_assets/assets/images/resized/0008/0802/80802v1-max-250x250.png','http://www.unigene.com'
431,431,'Medingo Medical Solutions','solo4you.com','http://s3.amazonaws.com/crunchbase_prod_assets/assets/images/resized/0008/2175/82175v1-max-250x250.jpg','http://www.solo4you.com'
432,432,'Biocontrol','biocontrol-ltd.com','http://s3.amazonaws.com/crunchbase_prod_assets/assets/images/resized/0008/1052/81052v1-max-250x250.jpg','http://www.biocontrol-ltd.com'
433,433,'Abcellute','abcellute.com','http://s3.amazonaws.com/crunchbase_prod_assets/assets/images/resized/0008/1085/81085v1-max-250x250.jpg','http://www.abcellute.com'
434,434,'SensiGen','sensigen.com','http://s3.amazonaws.com/crunchbase_prod_assets/assets/images/resized/0008/1218/81218v1-max-250x250.jpg','http://www.sensigen.com'
435,435,'ParentPlus','parentplus.net',,'http://www.parentplus.net'
436,436,'Adaptive TCR','adapt.com','http://s3.amazonaws.com/crunchbase_prod_assets/assets/images/resized/0008/2022/82022v1-max-250x250.png','http://www.adapt.com'
437,437,'TranSenda International','transenda.com',,'http://www.transenda.com'
438,438,'Omthera Pharmaceuticals','omthera.com','http://s3.amazonaws.com/crunchbase_prod_assets/assets/images/resized/0008/2359/82359v2-max-250x250.jpg','http://www.omthera.com'
439,439,'Altheos','altheos.net','http://s3.amazonaws.com/crunchbase_prod_assets/assets/images/resized/0008/2971/82971v1-max-250x250.jpg','http://altheos.net'
440,440,'Molecular Devices','moleculardevices.com','http://s3.amazonaws.com/crunchbase_prod_assets/assets/images/resized/0014/8897/148897v1-max-250x250.png','http://www.moleculardevices.com'
441,441,'Solstice Neurosciences','solsticeneuro.com','http://s3.amazonaws.com/crunchbase_prod_assets/assets/images/resized/0008/4219/84219v1-max-250x250.jpg','http://www.solsticeneuro.com'
442,442,'Xytis','xytis.com','http://s3.amazonaws.com/crunchbase_prod_assets/assets/images/resized/0008/4279/84279v1-max-250x250.jpg','http://www.xytis.com'
443,443,'KAI Pharmaceuticals','kaipharmaceuticals.com','http://s3.amazonaws.com/crunchbase_prod_assets/assets/images/resized/0008/4290/84290v1-max-250x250.jpg','http://www.kaipharmaceuticals.com'
444,444,'Cytheris','cytheris.com','http://s3.amazonaws.com/crunchbase_prod_assets/assets/images/resized/0008/4401/84401v1-max-250x250.jpg','http://www.cytheris.com'
445,445,'EKOS Corporation','ekoscorp.com','http://s3.amazonaws.com/crunchbase_prod_assets/assets/images/resized/0008/4413/84413v1-max-250x250.jpg','http://www.ekoscorp.com'
446,446,'SARcode Bioscience','sarcode.com','http://s3.amazonaws.com/crunchbase_prod_assets/assets/images/resized/0008/4418/84418v5-max-250x250.jpg','http://www.sarcode.com'
447,447,'VIRxSYS','virxsys.com','http://s3.amazonaws.com/crunchbase_prod_assets/assets/images/resized/0008/4534/84534v1-max-250x250.jpg','http://www.virxsys.com'
448,448,'Amplimmune','amplimmune.com','http://s3.amazonaws.com/crunchbase_prod_assets/assets/images/resized/0008/4546/84546v1-max-250x250.jpg','http://www.amplimmune.com'
449,449,'TransPharma Medical','transpharma-medical.com','http://s3.amazonaws.com/crunchbase_prod_assets/assets/images/resized/0008/4563/84563v1-max-250x250.jpg','http://www.transpharma-medical.com'
450,450,'SIRS-Lab','sirs-lab.com','http://s3.amazonaws.com/crunchbase_prod_assets/assets/images/resized/0008/4676/84676v1-max-250x250.jpg','http://www.sirs-lab.com'
451,451,'Cytomics Pharmaceuticals','cytomics.fr','http://s3.amazonaws.com/crunchbase_prod_assets/assets/images/resized/0008/4705/84705v1-max-250x250.jpg','http://www.cytomics.fr'
452,452,'Aureon Laboratories','aureon.com','http://s3.amazonaws.com/crunchbase_prod_assets/assets/images/resized/0008/4867/84867v1-max-250x250.jpg','http://www.aureon.com'
453,453,'Celltrix','celltrix.se','http://s3.amazonaws.com/crunchbase_prod_assets/assets/images/resized/0008/5155/85155v1-max-250x250.jpg','http://www.celltrix.se'
454,454,'Amulet Pharmaceuticals','amuletpharma.com','http://s3.amazonaws.com/crunchbase_prod_assets/assets/images/resized/0008/5328/85328v1-max-250x250.jpg','http://www.amuletpharma.com'
455,455,'Micromuscle','micromuscle.com','http://s3.amazonaws.com/crunchbase_prod_assets/assets/images/resized/0008/5461/85461v1-max-250x250.jpg','http://www.micromuscle.com'
456,456,'Chameleon BioSurfaces','chameleonbio.com','http://s3.amazonaws.com/crunchbase_prod_assets/assets/images/resized/0008/5575/85575v1-max-250x250.jpg','http://www.chameleonbio.com'
457,457,'Corimmun','corimmun.com','http://s3.amazonaws.com/crunchbase_prod_assets/assets/images/resized/0008/5594/85594v1-max-250x250.jpg','http://www.corimmun.com'
458,458,'KINAXO Biotechnologies','kinaxo.com','http://s3.amazonaws.com/crunchbase_prod_assets/assets/images/resized/0008/5619/85619v1-max-250x250.jpg','http://www.kinaxo.com'
459,459,'Chaperone Technologies','chaperonetechnologies.com','http://s3.amazonaws.com/crunchbase_prod_assets/assets/images/resized/0008/5761/85761v1-max-250x250.jpg','http://www.chaperonetechnologies.com'
460,460,'RedPath Integrated Pathology','redpathip.com','http://s3.amazonaws.com/crunchbase_prod_assets/assets/images/resized/0008/5985/85985v1-max-250x250.png','http://www.redpathip.com'
461,461,'Aton Pharma','atonrx.com','http://s3.amazonaws.com/crunchbase_prod_assets/assets/images/resized/0008/6165/86165v1-max-250x250.jpg','http://www.atonrx.com'
462,462,'HealthTronics','healthtronics.com','http://s3.amazonaws.com/crunchbase_prod_assets/assets/images/resized/0008/6532/86532v1-max-250x250.jpg','http://www.healthtronics.com'
463,463,'Angioblast Systems','angioblast.com','http://s3.amazonaws.com/crunchbase_prod_assets/assets/images/resized/0008/6966/86966v1-max-250x250.jpg','http://www.angioblast.com'
464,464,'EcoMedia','ecomediacbs.com','http://s3.amazonaws.com/crunchbase_prod_assets/assets/images/resized/0008/7117/87117v1-max-250x250.png','http://www.ecomediacbs.com'
465,465,'NeuroTherapeutics Pharma','ntprx.com','http://s3.amazonaws.com/crunchbase_prod_assets/assets/images/resized/0008/8127/88127v1-max-250x250.jpg','http://www.ntprx.com'
466,466,'Laboratory Management Services','lmslab.com',,'http://www.lmslab.com'
467,467,'Foldrx Pharmaceuticals','foldrx.com',,'http://www.foldrx.com'
468,468,'QuantaLife','quantalife.com','http://s3.amazonaws.com/crunchbase_prod_assets/assets/images/resized/0009/1444/91444v1-max-250x250.jpg','http://www.quantalife.com'
469,469,'Incline Therapeutics','inclinethera.com','http://s3.amazonaws.com/crunchbase_prod_assets/assets/images/resized/0024/6779/246779v1-max-250x250.jpg','http://inclinethera.com'
470,470,'CGI Pharmaceuticals','cgipharma.com',,'http://www.cgipharma.com'
471,471,'Abraxis BioScience','abraxisbio.com','http://s3.amazonaws.com/crunchbase_prod_assets/assets/images/resized/0009/2195/92195v1-max-250x250.jpg','http://www.abraxisbio.com'
472,472,'TargeGen','targegen.com','http://s3.amazonaws.com/crunchbase_prod_assets/assets/images/resized/0014/9238/149238v1-max-250x250.jpg','http://www.targegen.com'
473,473,'Vicept Therapeutics','vicepttx.com','http://s3.amazonaws.com/crunchbase_prod_assets/assets/images/resized/0009/2197/92197v1-max-250x250.png','http://www.vicepttx.com'
474,474,'Mpex Pharmaceuticals','mpexpharma.com','http://s3.amazonaws.com/crunchbase_prod_assets/assets/images/resized/0009/2230/92230v1-max-250x250.jpg','http://www.mpexpharma.com'
475,475,'Eleme Medical','elememedical.com','http://s3.amazonaws.com/crunchbase_prod_assets/assets/images/resized/0009/2247/92247v2-max-250x250.jpg','http://www.elememedical.com'
476,476,'Sirna Therapeutics','sirna.com','http://s3.amazonaws.com/crunchbase_prod_assets/assets/images/resized/0009/2302/92302v2-max-250x250.jpg','http://www.sirna.com'
477,477,'SpinX Technologies','spinx-technologies.com','http://s3.amazonaws.com/crunchbase_prod_assets/assets/images/resized/0009/2317/92317v1-max-250x250.jpg','http://www.spinx-technologies.com'
478,478,'Ingenuity Systems','ingenuity.com','http://s3.amazonaws.com/crunchbase_prod_assets/assets/images/resized/0009/2424/92424v1-max-250x250.png','http://www.ingenuity.com'
479,479,'Fluxome','fluxome.com','http://s3.amazonaws.com/crunchbase_prod_assets/assets/images/resized/0009/2446/92446v1-max-250x250.jpg','http://www.fluxome.com'
480,480,'Hana Biosciences','hanabiosciences.com','http://s3.amazonaws.com/crunchbase_prod_assets/assets/images/resized/0009/2565/92565v1-max-250x250.png','http://www.hanabiosciences.com'
481,481,'Medicago','medicago.com','http://s3.amazonaws.com/crunchbase_prod_assets/assets/images/resized/0009/2623/92623v1-max-250x250.png','http://www.medicago.com'
482,482,'SmartCells','smartinsulin.com','http://s3.amazonaws.com/crunchbase_prod_assets/assets/images/resized/0009/4528/94528v1-max-250x250.png','http://www.smartinsulin.com'
483,483,'Immunologix','immunologix.com','http://s3.amazonaws.com/crunchbase_prod_assets/assets/images/resized/0009/4660/94660v1-max-250x250.jpg','http://www.immunologix.com'
484,484,'Helixis',,'http://s3.amazonaws.com/crunchbase_prod_assets/assets/images/resized/0009/5282/95282v1-max-250x250.png',
485,485,'CMP Therapeutics','cmptherapeutics.com',,'http://www.cmptherapeutics.com'
486,486,'Cardiocom','cardiocom.com','http://s3.amazonaws.com/crunchbase_prod_assets/assets/images/resized/0009/6377/96377v2-max-250x250.jpg','http://www.cardiocom.com'
487,487,'Biovail CRD',,,
488,488,'Penwest','penwest.com','http://s3.amazonaws.com/crunchbase_prod_assets/assets/images/resized/0009/6922/96922v1-max-250x250.jpg','http://www.penwest.com'
489,489,'CeNeRx BioPharma','cenerx.com','http://s3.amazonaws.com/crunchbase_prod_assets/assets/images/resized/0009/7652/97652v1-max-250x250.jpg','http://www.cenerx.com'
490,490,'Zystor','zystor.com','http://s3.amazonaws.com/crunchbase_prod_assets/assets/images/resized/0009/8353/98353v1-max-250x250.jpg','http://www.zystor.com'
491,491,'Ion Torrent','iontorrent.com','http://s3.amazonaws.com/crunchbase_prod_assets/assets/images/resized/0009/8417/98417v1-max-250x250.png','http://www.iontorrent.com'
492,492,'BioImagene','bioimagene.com','http://s3.amazonaws.com/crunchbase_prod_assets/assets/images/resized/0009/9056/99056v1-max-250x250.png','http://www.bioimagene.com'
493,493,'Vivoxid','vivoxid.com','http://s3.amazonaws.com/crunchbase_prod_assets/assets/images/resized/0009/9652/99652v1-max-250x250.jpg','http://www.vivoxid.com'
494,494,'Respirics','respirics.com','http://s3.amazonaws.com/crunchbase_prod_assets/assets/images/resized/0009/9745/99745v1-max-250x250.jpg','http://www.respirics.com'
495,495,'Bravo Health','bravohealth.com','http://s3.amazonaws.com/crunchbase_prod_assets/assets/images/resized/0009/9844/99844v1-max-250x250.png','http://www.bravohealth.com'
496,496,'Diabetica','diabetica.co.uk','http://s3.amazonaws.com/crunchbase_prod_assets/assets/images/resized/0010/0330/100330v1-max-250x250.jpg','http://www.diabetica.co.uk'
497,497,'NEBOTRADE','nebotrade.hu','http://s3.amazonaws.com/crunchbase_prod_assets/assets/images/resized/0010/0703/100703v1-max-250x250.jpg','http://www.nebotrade.hu'
498,498,'King Pharmaceuticals','kingpharm.com','http://s3.amazonaws.com/crunchbase_prod_assets/assets/images/resized/0010/0798/100798v1-max-250x250.png','http://www.kingpharm.com'
499,499,'Inspire Pharmaceuticals','inspirepharm.com','http://s3.amazonaws.com/crunchbase_prod_assets/assets/images/resized/0010/0803/100803v1-max-250x250.png','http://www.inspirepharm.com'
500,500,'MethylGene','methylgene.com','http://s3.amazonaws.com/crunchbase_prod_assets/assets/images/resized/0010/0804/100804v1-max-250x250.png','http://www.methylgene.com'
501,501,'RealMed','realmed.com','http://s3.amazonaws.com/crunchbase_prod_assets/assets/images/resized/0010/0813/100813v1-max-250x250.png','http://www.realmed.com'
502,502,'Sirtris Pharmaceuticals','sirtrispharma.com','http://s3.amazonaws.com/crunchbase_prod_assets/assets/images/resized/0001/9070/19070v1-max-250x250.jpg','http://www.sirtrispharma.com'
503,503,'Okairos','okairos.com','http://s3.amazonaws.com/crunchbase_prod_assets/assets/images/resized/0010/1873/101873v1-max-250x250.jpg','http://www.okairos.com'
504,504,'Eddingpharm (Cayman)','eddingpharm.com','http://s3.amazonaws.com/crunchbase_prod_assets/assets/images/resized/0010/3680/103680v1-max-250x250.png','http://www.eddingpharm.com'
505,505,'Sabirmedical','sabirmedical.com','http://s3.amazonaws.com/crunchbase_prod_assets/assets/images/resized/0010/2134/102134v1-max-250x250.png','http://www.sabirmedical.com'
506,506,'Microbia','microbia.com','http://s3.amazonaws.com/crunchbase_prod_assets/assets/images/resized/0010/2987/102987v1-max-250x250.jpg','http://www.microbia.com'
507,507,'Cylene Pharmaceuticals','cylenepharma.com','http://s3.amazonaws.com/crunchbase_prod_assets/assets/images/resized/0010/3059/103059v1-max-250x250.png','http://www.cylenepharma.com'
508,508,'VaxDesign','vaxdesign.com','http://s3.amazonaws.com/crunchbase_prod_assets/assets/images/resized/0010/3530/103530v1-max-250x250.png','http://www.vaxdesign.com'
509,509,'A-Life Medical','alifemedical.com','http://s3.amazonaws.com/crunchbase_prod_assets/assets/images/resized/0010/3769/103769v1-max-250x250.png','http://www.alifemedical.com'
510,510,'Neuronex','neuronexinc.com','http://s3.amazonaws.com/crunchbase_prod_assets/assets/images/resized/0010/4652/104652v1-max-250x250.png','http://www.neuronexinc.com'
511,511,'Laureate Pharma','laureatepharma.com','http://s3.amazonaws.com/crunchbase_prod_assets/assets/images/resized/0010/4653/104653v1-max-250x250.png','http://www.laureatepharma.com'
512,512,'IS Pharma','ispharma.plc.uk','http://s3.amazonaws.com/crunchbase_prod_assets/assets/images/resized/0010/4655/104655v1-max-250x250.png','http://www.ispharma.plc.uk'
513,513,'IDEV Technologies','idevmd.com','http://s3.amazonaws.com/crunchbase_prod_assets/assets/images/resized/0010/5031/105031v1-max-250x250.png','http://www.idevmd.com'
514,514,'ENT Surgical','ent-surgical.com','http://s3.amazonaws.com/crunchbase_prod_assets/assets/images/resized/0010/5227/105227v2-max-250x250.jpg','http://www.ent-surgical.com'
515,515,'Micromedics','micromedics-usa.com','http://s3.amazonaws.com/crunchbase_prod_assets/assets/images/resized/0010/5994/105994v1-max-250x250.jpg','http://www.micromedics-usa.com'
516,516,'PregLem','preglem.com','http://s3.amazonaws.com/crunchbase_prod_assets/assets/images/resized/0010/6170/106170v1-max-250x250.jpg','http://www.preglem.com'
517,517,'UroTec','urotec.de','http://s3.amazonaws.com/crunchbase_prod_assets/assets/images/resized/0010/7302/107302v1-max-250x250.jpg','http://www.urotec.de'
518,518,'VetCentric','vetcentric.com','http://s3.amazonaws.com/crunchbase_prod_assets/assets/images/resized/0010/7470/107470v1-max-250x250.png','http://www.vetcentric.com'
519,519,'Lazarus Therapeutics','lazarustherapeutics.com',,'http://lazarustherapeutics.com'
520,520,'Bausch & Lomb','bausch.com','http://s3.amazonaws.com/crunchbase_prod_assets/assets/images/resized/0010/9094/109094v1-max-250x250.png','http://www.bausch.com'
521,521,'Syntarga','syntarga.com','http://s3.amazonaws.com/crunchbase_prod_assets/assets/images/resized/0011/2071/112071v1-max-250x250.jpg','http://www.syntarga.com'
522,522,'Tolerx','tolerx.com','http://s3.amazonaws.com/crunchbase_prod_assets/assets/images/resized/0011/2557/112557v1-max-250x250.png','http://www.tolerx.com'
523,523,'Aptalis Pharma','aptalispharma.com','http://s3.amazonaws.com/crunchbase_prod_assets/assets/images/resized/0011/2830/112830v2-max-250x250.png','http://www.aptalispharma.com'
524,524,'Eurand','eurand.com','http://s3.amazonaws.com/crunchbase_prod_assets/assets/images/resized/0011/2831/112831v2-max-250x250.png','http://www.eurand.com'
525,525,'Celulas Genetica','thestemcellgroup.com','http://s3.amazonaws.com/crunchbase_prod_assets/assets/images/resized/0011/2839/112839v1-max-250x250.jpg','http://www.thestemcellgroup.com'
526,526,'Prematics','prematics.com','http://s3.amazonaws.com/crunchbase_prod_assets/assets/images/resized/0011/3306/113306v1-max-250x250.jpg','http://www.prematics.com'
527,527,'Cambridge Research & Instrumentation','cri-inc.com','http://s3.amazonaws.com/crunchbase_prod_assets/assets/images/resized/0011/3629/113629v1-max-250x250.png','http://www.cri-inc.com'
528,528,'Arresto BioSciences','arresto.com','http://s3.amazonaws.com/crunchbase_prod_assets/assets/images/resized/0011/4868/114868v1-max-250x250.png','http://www.arresto.com'
529,529,'Intelect Medical','intelectmedical.com','http://s3.amazonaws.com/crunchbase_prod_assets/assets/images/resized/0011/6332/116332v1-max-250x250.png','http://www.intelectmedical.com'
530,530,'NextWave Pharmaceuticals','nextwavepharma.com','http://s3.amazonaws.com/crunchbase_prod_assets/assets/images/resized/0011/6922/116922v1-max-250x250.jpg','http://www.nextwavepharma.com'
531,531,'Inoveon','inoveon.com','http://s3.amazonaws.com/crunchbase_prod_assets/assets/images/resized/0011/6937/116937v1-max-250x250.png','http://www.inoveon.com'
532,532,'CPEX Pharmaceuticals','cpexpharm.com','http://s3.amazonaws.com/crunchbase_prod_assets/assets/images/resized/0011/7576/117576v1-max-250x250.jpg','http://www.cpexpharm.com'
533,533,'AMSplus','amsplus.com','http://s3.amazonaws.com/crunchbase_prod_assets/assets/images/resized/0011/7998/117998v1-max-250x250.jpg','http://www.amsplus.com'
534,534,'CarePoint Partners','carepointpartners.com',,'http://www.carepointpartners.com'
535,535,'Genzyme','genzyme.com','http://s3.amazonaws.com/crunchbase_prod_assets/assets/images/resized/0011/9036/119036v1-max-250x250.png','http://www.genzyme.com'
536,536,'CyDex Pharmaceuticals','cydexpharma.com','http://s3.amazonaws.com/crunchbase_prod_assets/assets/images/resized/0011/9169/119169v1-max-250x250.png','http://www.cydexpharma.com'
537,537,'Avecia','avecia.com','http://s3.amazonaws.com/crunchbase_prod_assets/assets/images/resized/0012/0470/120470v1-max-250x250.jpg','http://www.avecia.com'
538,538,'Optimer Pharmaceuticals','optimerpharma.com','http://s3.amazonaws.com/crunchbase_prod_assets/assets/images/resized/0012/0933/120933v1-max-250x250.png','http://www.optimerpharma.com'
539,539,'ProStrakan','prostrakan.com','http://s3.amazonaws.com/crunchbase_prod_assets/assets/images/resized/0012/3501/123501v1-max-250x250.jpg','http://www.prostrakan.com'
540,540,'CTI Molecular Imaging','ctimi.com','http://s3.amazonaws.com/crunchbase_prod_assets/assets/images/resized/0012/7993/127993v2-max-250x250.png','http://www.ctimi.com'
541,541,'Plexxikon','plexxikon.com','http://s3.amazonaws.com/crunchbase_prod_assets/assets/images/resized/0012/4532/124532v1-max-250x250.png','http://www.plexxikon.com'
542,542,'BIOCIUS Life Sciences','biocius.com','http://s3.amazonaws.com/crunchbase_prod_assets/assets/images/resized/0012/4562/124562v1-max-250x250.png','http://www.biocius.com'
543,543,'Core Essence Orthopaedics','ceortho.com','http://s3.amazonaws.com/crunchbase_prod_assets/assets/images/resized/0012/7170/127170v1-max-250x250.jpg','http://www.ceortho.com'
544,544,'ChemGenex Pharmaceuticals','chemgenex.com','http://s3.amazonaws.com/crunchbase_prod_assets/assets/images/resized/0012/8368/128368v1-max-250x250.png','http://www.chemgenex.com'
545,545,'Apthera','apthera.com','http://s3.amazonaws.com/crunchbase_prod_assets/assets/images/resized/0012/8719/128719v1-max-250x250.jpg','http://www.apthera.com'
546,546,'Athena Diagnostics','athenadiagnostics.com','http://s3.amazonaws.com/crunchbase_prod_assets/assets/images/resized/0012/9276/129276v2-max-250x250.jpg','http://www.athenadiagnostics.com'
547,547,'Astex','astex-therapeutics.com','http://s3.amazonaws.com/crunchbase_prod_assets/assets/images/resized/0012/9731/129731v1-max-250x250.jpg','http://www.astex-therapeutics.com'
548,548,'Boston Biomedical','bostonbiomedical.com','http://s3.amazonaws.com/crunchbase_prod_assets/assets/images/resized/0013/0137/130137v3-max-250x250.jpg','http://www.bostonbiomedical.com'
549,549,'Cellectar',,,
550,550,'Surface Logix','surfacelogix.com','http://s3.amazonaws.com/crunchbase_prod_assets/assets/images/resized/0013/0156/130156v1-max-250x250.jpg','http://www.surfacelogix.com'
551,551,'Prism Pharmaceuticals','prismpharma.com','http://s3.amazonaws.com/crunchbase_prod_assets/assets/images/resized/0013/1096/131096v1-max-250x250.png','http://www.prismpharma.com'
552,552,'NovaMed Pharmaceuticals','novamed.com.cn','http://s3.amazonaws.com/crunchbase_prod_assets/assets/images/resized/0013/1268/131268v1-max-250x250.png','http://www.novamed.com.cn'
553,553,'Mithridion','mithridion.com','http://s3.amazonaws.com/crunchbase_prod_assets/assets/images/resized/0013/5650/135650v1-max-250x250.png','http://www.mithridion.com'
554,554,'Oncofactor Corporation','oncofactor.com','http://s3.amazonaws.com/crunchbase_prod_assets/assets/images/resized/0024/6538/246538v1-max-250x250.jpg','http://oncofactor.com'
555,555,'Neighborhood Diabetes','sugartest.com','http://s3.amazonaws.com/crunchbase_prod_assets/assets/images/resized/0013/7977/137977v1-max-250x250.png','http://www.sugartest.com'
556,556,'Dexela','dexela.com','http://s3.amazonaws.com/crunchbase_prod_assets/assets/images/resized/0013/8978/138978v1-max-250x250.jpg','http://www.dexela.com'
557,557,'Sophion Bioscience','sophion.dk','http://s3.amazonaws.com/crunchbase_prod_assets/assets/images/resized/0014/2842/142842v1-max-250x250.png','http://www.sophion.dk'
558,558,'Avila Therapeutics','avilatx.com','http://s3.amazonaws.com/crunchbase_prod_assets/assets/images/resized/0014/3663/143663v1-max-250x250.jpg','http://www.avilatx.com'
559,559,'Amorcyte','amorcyte.com','http://s3.amazonaws.com/crunchbase_prod_assets/assets/images/resized/0014/4333/144333v1-max-250x250.png','http://www.amorcyte.com'
560,560,'Webmedx','corpweb.webmedx.com','http://s3.amazonaws.com/crunchbase_prod_assets/assets/images/resized/0014/4339/144339v1-max-250x250.png','http://corpweb.webmedx.com'
561,561,'Amira Pharmaceuticals','amirapharm.com','http://s3.amazonaws.com/crunchbase_prod_assets/assets/images/resized/0014/5659/145659v1-max-250x250.jpg','http://www.amirapharm.com'
562,562,'Proxsys','proxsyscorp.com','http://s3.amazonaws.com/crunchbase_prod_assets/assets/images/resized/0014/5730/145730v1-max-250x250.jpg','http://www.proxsyscorp.com'
563,563,'Mosaic Biosciences','mosaicbio.com','http://s3.amazonaws.com/crunchbase_prod_assets/assets/images/resized/0014/5732/145732v1-max-250x250.jpg','http://mosaicbio.com'
564,564,'Nexus Biosystems','nexusbio.com','http://s3.amazonaws.com/crunchbase_prod_assets/assets/images/resized/0014/6322/146322v1-max-250x250.png','http://www.nexusbio.com'
565,565,'Carmel Pharma','phaseal.com',,'http://phaseal.com'
566,566,'Labopharm','labopharm.com','http://s3.amazonaws.com/crunchbase_prod_assets/assets/images/resized/0014/9976/149976v1-max-250x250.png','http://www.labopharm.com'
567,567,'NeuroDyne Medical','neurodynemedical.com','http://s3.amazonaws.com/crunchbase_prod_assets/assets/images/resized/0015/1174/151174v1-max-250x250.jpg','http://www.neurodynemedical.com'
568,568,'Concentric Medical','concentric-medical.com','http://s3.amazonaws.com/crunchbase_prod_assets/assets/images/resized/0015/2194/152194v1-max-250x250.jpg','http://www.concentric-medical.com'
569,569,'Symbyo Dental','symbyodental.com',,'http://www.SymbyoDental.com'
